:020000040800F2
:10000000C02C00247D800008F514010869800008D8
:10001000698000086980000869800008000000000D
:10002000000000000000000000000000C580000883
:1000300069800008000000008182000845B10008C6
:10004000FD820008FD820008FD820008FD82000894
:10005000FD820008FD820008FD820008FD82000884
:10006000FD820008FD820008FD820008FD82000874
:10007000FD820008FD820008FD820008FD82000864
:10008000FD820008FD820008FD820008FD82000854
:10009000FD820008FD820008FD820008FD82000844
:1000A000FD820008FD820008FD820008FD82000834
:1000B000FD820008FD820008FD820008FD82000824
:1000C000FD820008FD820008FD820008FD82000814
:1000D000FD820008FD820008FD820008FD82000804
:1000E000FD820008FD820008FD820008FD820008F4
:1000F000FD820008FD820008FD820008FD820008E4
:10010000FD820008FD820008FD820008FD820008D3
:10011000FD820008FD820008FD820008FD820008C3
:10012000FD820008FD820008FD820008FD820008B3
:10013000FD820008FD820008FD820008FD820008A3
:10014000FD820008FD820008FD820008FD82000893
:10015000FD820008FD820008FD820008FD82000883
:10016000FD820008FD820008FD820008FD82000873
:10017000FD820008FD820008FD820008FD82000863
:10018000FD820008FD820008FD820008FD82000853
:10019000FD820008FD820008FD820008FD82000843
:1001A000FD820008FD820008FD820008FD82000833
:1001B000FD820008FD820008FD820008FD82000823
:1001C000FD820008FD820008FD820008FD82000813
:1001D000FD820008FD820008FD820008FD82000803
:1001E000FD820008FD820008FD820008FD820008F3
:1001F000FD820008FD820008FD820008FD820008E3
:10020000FD820008FD820008FD820008FD820008D2
:10021000FD820008FD820008FD820008FD820008C2
:10022000FD820008FD820008FD820008FD820008B2
:10023000FD820008FD820008FD820008FD820008A2
:10024000FD820008FD820008FD820008FD82000892
:10025000FD820008FD820008FD820008FD82000882
:10026000FD820008FD820008FD820008FD82000872
:0C027000FD820008FD820008FD820008ED
:1002800081F0004102E000BF83F0004330B54FEA47
:1002900041044FEA430594EA050F08BF90EA020FB4
:1002A0001FBF54EA000C55EA020C7FEA645C7FEA47
:1002B000655C00F0E2804FEA5454D4EB5555B8BF6A
:1002C0006D420CDD2C4480EA020281EA030382EADB
:1002D000000083EA010180EA020281EA0303362D6D
:1002E00088BF30BD11F0004F4FEA01314FF4801C40
:1002F0004CEA113102D0404261EB410113F0004F52
:100300004FEA03334CEA133302D0524263EB430308
:1003100094EA050F00F0A780A4F10104D5F1200EA6
:100320000DDB02FA0EFC22FA05F2801841F1000101
:1003300003FA0EF2801843FA05F359410EE0A5F1D5
:1003400020050EF1200E012A03FA0EFC28BF4CF006
:10035000020C43FA05F3C01851EBE37101F00045BC
:1003600007D54FF0000EDCF1000C7EEB00006EEBC9
:100370000101B1F5801F1BD3B1F5001F0CD3490853
:100380005FEA30004FEA3C0C04F101044FEA4452AA
:1003900012F5800F80F09A80BCF1004F08BF5FEA31
:1003A000500C50F1000041EB045141EA050130BD11
:1003B0005FEA4C0C404141EB0101013C28BFB1F523
:1003C000801FE9D291F0000F04BF01460020B1FA6E
:1003D00081F308BF2033A3F10B03B3F120020CDA41
:1003E0000C3208DD02F1140CC2F10C0201FA0CF01F
:1003F00021FA02F10CE002F11402D8BFC2F1200C84
:1004000001FA02F120FA0CFCDCBF41EA0C01904039
:10041000E41AA2BF01EB0451294330BD6FEA040482
:100420001F3C1CDA0C340EDC04F11404C4F120026D
:1004300020FA04F001FA02F340EA030021FA04F37F
:1004400045EA030130BDC4F10C04C4F1200220FAD6
:1004500002F001FA04F340EA0300294630BD21FA14
:1004600004F0294630BD94F0000F83F4801306BFDA
:1004700081F480110134013D4EE77FEA645C18BFCE
:100480007FEA655C29D094EA050F08BF90EA020F65
:1004900005D054EA000C04BF1946104630BD91EA5D
:1004A000030F1EBF0021002030BD5FEA545C05D160
:1004B0004000494128BF41F0004130BD14F580049F
:1004C0003CBF01F5801130BD01F0004545F0FE4113
:1004D00041F470014FF0000030BD7FEA645C1ABF48
:1004E000194610467FEA655C1CBF0B46024650EA7F
:1004F000013406BF52EA033591EA030F41F40021AB
:1005000030BD00BF90F0000F04BF0021704730B530
:100510004FF4806404F132044FF000054FF0000105
:1005200050E700BF90F0000F04BF0021704730B5C6
:100530004FF4806404F1320410F0004548BF40429B
:100540004FF000013EE700BF42004FEAE2014FEAF0
:1005500031014FEA02701FBF12F07F4393F07F4FCB
:1005600081F06051704732F07F4208BF704793F0CE
:100570007F4F04BF41F40021704730B54FF46074E1
:1005800001F0004521F000411CE700BF50EA0102E4
:1005900008BF704730B54FF000050AE050EA01028D
:1005A00008BF704730B511F0004502D5404261EBFD
:1005B00041014FF4806404F132045FEA915C3FF43E
:1005C000D8AE4FF003025FEADC0C18BF03325FEADB
:1005D000DC0C18BF033202EBDC02C2F1200300FA8C
:1005E00003FC20FA02F001FA03FE40EA0E0021FAB1
:1005F00002F11444BDE600BF70B54FF0FF0C4CF49F
:10060000E06C1CEA11541DBF1CEA135594EA0C0F50
:1006100095EA0C0F00F0DEF82C4481EA030621EA8B
:100620004C5123EA4C5350EA013518BF52EA0335C6
:1006300041F4801143F4801338D0A0FB02CE4FF078
:100640000005E1FB02E506F00042E0FB03E54FF0A8
:100650000006E1FB03569CF0000F18BF4EF0010EA0
:10066000A4F1FF04B6F5007F64F5407404D25FEA9C
:100670004E0E6D4146EB060642EAC62141EA55514F
:100680004FEAC52040EA5E504FEACE2EB4F1FD0C91
:1006900088BFBCF5E06F1ED8BEF1004F08BF5FEA0F
:1006A000500E50F1000041EB045170BD06F00046C1
:1006B00046EA010140EA020081EA0301B4EB5C046E
:1006C000C2BFD4EB0C0541EA045170BD41F4801166
:1006D0004FF0000E013C00F3AB8014F1360FDEBF8B
:1006E000002001F0004170BDC4F10004203C35DA67
:1006F0000C341BDC04F11404C4F1200500FA05F3EA
:1007000020FA04F001FA05F240EA020001F000428A
:1007100021F0004110EBD37021FA04F642EB060100
:100720005EEA430E08BF20EAD37070BDC4F10C042A
:10073000C4F1200500FA04F320FA05F001FA04F2EE
:1007400040EA020001F0004110EBD37041F10001DA
:100750005EEA430E08BF20EAD37070BDC4F12005E5
:1007600000FA05F24EEA020E20FA04F301FA05F24D
:1007700043EA020321FA04F001F0004121FA04F2F5
:1007800020EA020000EBD3705EEA430E08BF20EAC5
:10079000D37070BD94F0000F0FD101F000464000FF
:1007A00041EB010111F4801F08BF013CF7D041EA81
:1007B000060195F0000F18BF704703F00046520085
:1007C00043EB030313F4801F08BF013DF7D043EA56
:1007D0000603704794EA0C0F0CEA135518BF95EA0C
:1007E0000C0F0CD050EA410618BF52EA4306D1D193
:1007F00081EA030101F000414FF0000070BD50EAB2
:10080000410606BF1046194652EA430619D094EA3B
:100810000C0F02D150EA013613D195EA0C0F05D125
:1008200052EA03361CBF104619460AD181EA030179
:1008300001F0004141F0FE4141F470014FF0000031
:1008400070BD41F0FE4141F4780170BD70B54FF0CC
:10085000FF0C4CF4E06C1CEA11541DBF1CEA13554C
:1008600094EA0C0F95EA0C0F00F0A7F8A4EB05042E
:1008700081EA030E52EA03354FEA013100F0888025
:100880004FEA03334FF0805545EA131343EA1263EE
:100890004FEA022245EA111545EA10654FEA0026A3
:1008A0000EF000419D4208BF964244F1FD0404F55C
:1008B000407402D25B084FEA3202B61A65EB0305B8
:1008C0005B084FEA32024FF480104FF4002CB6EB75
:1008D000020E75EB030E22BFB61A754640EA0C00F5
:1008E0005B084FEA3202B6EB020E75EB030E22BF35
:1008F000B61A754640EA5C005B084FEA3202B6EB76
:10090000020E75EB030E22BFB61A754640EA9C0034
:100910005B084FEA3202B6EB020E75EB030E22BF04
:10092000B61A754640EADC0055EA060E18D04FEAC2
:10093000051545EA16754FEA06164FEAC30343EA62
:1009400052734FEAC2025FEA1C1CC0D111F4801F2F
:100950000BD141EA00014FF000004FF0004CB6E728
:1009600011F4801F04BF01430020B4F1FD0C88BFC7
:10097000BCF5E06F3FF6AFAEB5EB030C04BFB6EBD2
:10098000020C5FEA500C50F1000041EB045170BDC5
:100990000EF0004E4EEA113114EB5C04C2BFD4EBF2
:1009A0000C0541EA045170BD41F480114FF0000E76
:1009B000013C90E645EA060E8DE60CEA135594EAF2
:1009C0000C0F08BF95EA0C0F3FF43BAF94EA0C0FF5
:1009D0000AD150EA01347FF434AF95EA0C0F7FF46A
:1009E00025AF104619462CE795EA0C0F06D152EABE
:1009F00003353FF4FDAE1046194622E750EA4106A2
:100A000018BF52EA43067FF4C5AE50EA41047FF4B2
:100A10000DAF52EA43057FF4EBAE12E74FF0FF3C17
:100A200006E000BF4FF0010C02E000BF4FF0010CE8
:100A30004DF804CD4FEA410C7FEA6C5C4FEA430C61
:100A400018BF7FEA6C5C1BD001B050EA410C0CBFB0
:100A500052EA430C91EA030F02BF90EA020F002012
:100A6000704710F1000F91EA030F58BF994208BF79
:100A700090422CBFD8176FEAE37040F00100704736
:100A80004FEA410C7FEA6C5C02D150EA013C07D18D
:100A90004FEA430C7FEA6C5CD6D152EA033CD3D0D8
:100AA0005DF8040B704700BF8446104662468C46D2
:100AB0001946634600E000BF01B5FFF7B7FF002805
:100AC00048BF10F1000F01BD4DF808EDFFF7F4FF2E
:100AD0000CBF012000205DF808FB00BF4DF808EDB9
:100AE000FFF7EAFF34BF012000205DF808FB00BFDC
:100AF0004DF808EDFFF7E0FF94BF012000205DF8FE
:100B000008FB00BF4DF808EDFFF7CEFF94BF0120B2
:100B100000205DF808FB00BF4DF808EDFFF7C4FFAB
:100B200034BF012000205DF808FB00BF4FEA4102FE
:100B3000B2F1E04324BFB3F5001CDCF1FE5C0DD93B
:100B400001F0004C4FEAC0024CEA5070B2F1004F85
:100B500040EB830008BF20F00100704711F0804F88
:100B600021D113F13872BCBF01F00040704741F44D
:100B700080114FEA5252C2F11802C2F1200C10FA51
:100B80000CF320FA02F018BF40F001004FEAC12335
:100B90004FEAD32303FA0CFC40EA0C0023FA02F3D9
:100BA0004FEA4303CCE77FEA625307D150EA0133AF
:100BB0001EBF4FF0FE4040F44000704701F000407F
:100BC00040F0FE4040F40000704700BF80F000405D
:100BD00002E000BF81F0004142001FBF5FEA410315
:100BE00092EA030F7FEA226C7FEA236C6AD04FEA15
:100BF0001262D2EB1363C1BFD2184140484041405A
:100C0000B8BF5B42192B88BF704710F0004F40F40B
:100C1000000020F07F4018BF404211F0004F41F427
:100C2000000121F07F4118BF494292EA030F3FD0F3
:100C3000A2F1010241FA03FC10EB0C00C3F1200306
:100C400001FA03F100F0004302D5494260EB400095
:100C5000B0F5000F13D3B0F1807F06D340084FEA00
:100C6000310102F10102FE2A51D2B1F1004F40EBF5
:100C7000C25008BF20F0010040EA0300704749005D
:100C800040EB0000013A28BFB0F5000FEDD2B0FAFA
:100C900080FCACF1080CB2EB0C0200FA0CF0AABF1D
:100CA00000EBC25052421843BCBFD04018437047BB
:100CB00092F0000F81F4000106BF80F400000132C1
:100CC000013BB5E74FEA41037FEA226C18BF7FEA98
:100CD000236C21D092EA030F04D092F0000F08BFDA
:100CE0000846704790EA010F1CBF0020704712F0C1
:100CF0007F4F04D1400028BF40F00040704712F100
:100D000000723CBF00F50000704700F0004343F064
:100D1000FE4040F4000070477FEA226216BF08469A
:100D20007FEA23630146420206BF5FEA412390EA5D
:100D3000010F40F4800070474FF0000304E000BF53
:100D400010F0004348BF40425FEA000C08BF704704
:100D500043F0964301464FF000001CE050EA0102C8
:100D600008BF70474FF000030AE000BF50EA0102DD
:100D700008BF704711F0004302D5404261EB4101CA
:100D80005FEA010C02BF84460146002043F0B643EF
:100D900008BFA3F18053A3F50003BCFA8CF2083A14
:100DA000A3EBC25310DB01FA02FC634400FA02FC1D
:100DB000C2F12002BCF1004F20FA02F243EB020024
:100DC00008BF20F00100704702F1200201FA02FC86
:100DD000C2F1200250EA4C0021FA02F243EB020079
:100DE00008BF20EADC7070474FF0FF0C1CEAD052BD
:100DF0001EBF1CEAD15392EA0C0F93EA0C0F6FD07E
:100E00001A4480EA010C400218BF5FEA41211ED05B
:100E10004FF0006343EA501043EA5111A0FB013147
:100E20000CF00040B1F5000F3EBF490041EAD3711C
:100E30005B0040EA010062F17F02FD2A1DD8B3F198
:100E4000004F40EBC25008BF20F00100704790F007
:100E5000000F0CF0004C08BF49024CEA502040EA59
:100E600051207F3AC2BFD2F1FF0340EAC25070471F
:100E700040F400004FF00003013A5DDC12F1190F5D
:100E8000DCBF00F000407047C2F10002410021FACF
:100E900002F1C2F1200200FA02FC5FEA310040F1E7
:100EA000000053EA4C0308BF20EADC70704792F060
:100EB000000F00F0004C02BF400010F4000F013A98
:100EC000F9D040EA0C0093F0000F01F0004C02BF93
:100ED000490011F4000F013BF9D041EA0C018FE702
:100EE0000CEAD15392EA0C0F18BF93EA0C0F0AD008
:100EF00030F0004C18BF31F0004CD8D180EA01002E
:100F000000F00040704790F0000F17BF90F0004FC6
:100F1000084691F0000F91F0004F14D092EA0C0FA8
:100F200001D142020FD193EA0C0F03D14B0218BF3B
:100F3000084608D180EA010000F0004040F0FE4081
:100F400040F40000704740F0FE4040F4400070471D
:100F50004FF0FF0C1CEAD0521EBF1CEAD15392EA9C
:100F60000C0F93EA0C0F69D0A2EB030280EA010C8C
:100F700049024FEA402037D04FF0805343EA111125
:100F800043EA10130CF000408B4238BF5B0042F183
:100F90007D024FF4000C8B4224BF5B1A40EA0C0028
:100FA000B3EB510F24BFA3EB510340EA5C00B3EB5A
:100FB000910F24BFA3EB910340EA9C00B3EBD10F48
:100FC00024BFA3EBD10340EADC001B0118BF5FEA9A
:100FD0001C1CE0D1FD2A3FF650AF8B4240EBC250C3
:100FE00008BF20F0010070470CF0004C4CEA502084
:100FF0007F32C2BFD2F1FF0340EAC250704740F4D3
:1010000000004FF00003013A37E792F0000F00F0C4
:10101000004C02BF400010F4000F013AF9D040EA42
:101020000C0093F0000F01F0004C02BF490011F4D6
:10103000000F013BF9D041EA0C0195E70CEAD153CE
:1010400092EA0C0F08D142027FF47DAF93EA0C0FB5
:101050007FF470AF084676E793EA0C0F04D14B0299
:101060003FF44CAF08466EE730F0004C18BF31F04B
:10107000004CCAD130F000427FF45CAF31F0004345
:101080007FF43CAF5FE700BF4FF0FF3C06E000BFDE
:101090004FF0010C02E000BF4FF0010C4DF804CD01
:1010A0004FEA40024FEA41037FEA226C18BF7FEA11
:1010B000236C11D001B052EA530C18BF90EA010F13
:1010C00058BFB2EB030088BFC81738BF6FEAE170A2
:1010D00018BF40F0010070477FEA226C02D15FEA3E
:1010E000402C05D17FEA236CE4D15FEA412CE1D0AA
:1010F0005DF8040B704700BF844608466146FFE771
:101100000FB5FFF7C9FF002848BF10F1000F0FBD52
:101110004DF808EDFFF7F4FF0CBF012000205DF84B
:1011200008FB00BF4DF808EDFFF7EAFF34BF0120D0
:1011300000205DF808FB00BF4DF808EDFFF7E0FF69
:1011400094BF012000205DF808FB00BF4DF808EDBA
:10115000FFF7D2FF94BF012000205DF808FB00BF1D
:101160004DF808EDFFF7C8FF34BF012000205DF8FF
:1011700008FB00BF4FEA4002B2F1FE4F0FD34FF021
:101180009E03B3EB12620DD94FEA002343F00043F4
:1011900010F0004F23FA02F018BF404270474FF0A2
:1011A0000000704712F1610F01D1420205D110F029
:1011B000004008BF6FF0004070474FF000007047DC
:1011C00042000ED2B2F1FE4F0BD34FF09E03B3EBB1
:1011D000126209D44FEA002343F0004323FA02F0DD
:1011E00070474FF00000704712F1610F01D14202C9
:1011F00002D14FF0FF3070474FF00000704700BF42
:101200007BB972B90029BEBF00204FF0004106E053
:1012100008BF00281CBF6FF000414FF0FF3000F006
:1012200057B8ADF1080C6DE904CE002909DB002B9D
:101230001ADB00F07CF8DDF804E0DDE9022304B0FD
:101240007047404261EB4101002B1BDB00F06FF85F
:10125000DDF804E0DDE9022304B0404261EB410126
:10126000524263EB43037047524263EB430300F087
:101270005EF8DDF804E0DDE9022304B0404261EBF2
:1012800041017047524263EB430300F050F8DDF830
:1012900004E0DDE9022304B0524263EB43037047EC
:1012A00053B94AB9002908BF00281CBF4FF0FF31CD
:1012B0004FF0FF3000F00CB8ADF1080C6DE904CE32
:1012C00000F035F8DDF804E0DDE9022304B07047F2
:1012D000704700BF10F8012B11F8013B012A28BF0D
:1012E0009A42F7D0D01A7047034611F8012B03F841
:1012F000012B002AF9D17047034613F8012B002A6D
:10130000FBD1181A01387047430803F05533C01A4F
:1013100000F03333800800F03330184400EB101035
:101320004FF0013300F00F305843000E70472DE9A5
:10133000F0478C468E46089E154604461946002BFB
:1013400040F0D080724547D9B2FA82F74FB1C7F169
:1013500020030EFA07FC20FA03F3BD4043EA0C0C0D
:10136000BC404FEA154EA8B2BCFBFEF8230C0EFBA6
:1013700018CC08FB00F943EA0C43994528D9EB182F
:1013800008F1FF3204D2994502D9A8F102022B4498
:10139000A3EB0903A4B2B3FBFEFC0EFB1C330CFB56
:1013A00000F044EA0344A04214D92C190CF1FF3395
:1013B00004D2A04202D9ACF102032C44241A43EA1D
:1013C00002401EB1FC40002334607360BDE8F0872A
:1013D0004246DDE76346F1E7002A79D0B2FA82F3AC
:1013E000002B3FD01946C1F1200302FA01F52EFA75
:1013F00003F20EFA01FE20FA03F343EA0E034FEA6A
:10140000154E00FA01F4B2FBFEFCAFB20EFB1C203D
:101410001A0C0CFB07F842EA004290455AD9AA1868
:101420000CF1FF3004D2904502D9ACF102002A44FD
:10143000A2EB08029BB2B2FBFEFC0EFB1C220CFBD3
:1014400007F743EA02439F4246D9EB180CF1FF32FB
:1014500004D29F4202D9ACF102022B44DB1B42EAC8
:10146000004202E0AEEB020301224FEA154EAFB29A
:10147000B3FBFEFC200C0EFB1C330CFB07F840EA10
:10148000034398452AD9EB180CF1FF3004D2984554
:1014900002D9ACF102002B44A3EB0803A4B2B3FBC6
:1014A000FEFC0EFB1C330CFB07F744EA0344A74287
:1014B00016D92C190CF1FF3304D2A74202D9ACF192
:1014C00002032C44E41B43EA00400F46114678E730
:1014D0001F2188E76046ABE76246BFE76046DBE76F
:1014E0006346EFE7734506D916B9002108466DE754
:1014F000C6E9000EF9E7B3FA83F787B9734501D35C
:10150000824207D8841A6EEB030301209C461EB961
:1015100000215BE73846FAE7C6E9004CF8E7C7F177
:10152000200CBB4022FA0CF51D4320FA0CF12EFAD8
:101530000CF30EFA07FE41EA0E014FEA154900FAD4
:1015400007F4B3FBF9F81FFA85FE09FB18300B0C02
:1015500008FB0EFA43EA00439A4502FA07F240D923
:10156000EB1808F1FF3004D29A4502D9A8F1020025
:101570002B44A3EB0A0389B2B3FBF9F809FB183338
:1015800008FB0EFE41EA03418E452CD9691808F18B
:10159000FF3304D28E4502D9A8F10203294443EA5D
:1015A0000040A0FB0298A1EB0E014145CE46434608
:1015B00002D306D14C4504D2B9EB020E68EB050309
:1015C0000138002EA4D0B4EB0E0261EB030101FA46
:1015D0000CFC22FA07F34CEA0303F940C6E9003198
:1015E00096E74046C5E74346D9E700000000000003
:1015F0002DE9F04FE3B000254FF0000BBC4F1090E9
:10160000184604910DF1880ABA490DF584790C92B7
:101610000A93FFF7A5FD002814BF4FF010084FF004
:1016200020084046FFF78CFB06462846FFF788FB5C
:10163000B149FFF7D9FB3146FFF78AFC06900CF061
:10164000B5FF04464AF8040B06980CF0C7FD0C9948
:1016500049F8040B2046FFF7C7FB0499FFF7BCFAD3
:10166000A649FFF7C1FBA649FFF7B6FA594604465B
:10167000FFF758FD002840F07E8139462046FFF7ED
:101680006FFD002800F0758138463946FFF760FC91
:101690009C49FFF7A9FBFFF793FD12AB23F8150058
:1016A0000135A845BDD131460A98FFF79DFB01469B
:1016B00095484FF00008FFF74BFC944EFFF780FD74
:1016C00001288346924A38BF4FF0010B102D0B9032
:1016D000C1460CBF4FF4DC634FF45C63DFF834A207
:1016E0000D930CBFA0234FF4A0730E93642315FB3E
:1016F00003F30F93D2F8FC3043F08073C2F8FC3050
:101700000022336843F00103336000237468CDF88E
:1017100024805C44CDE90623CDE904234FF6FF7312
:10172000089312AB1098B9FBF5F705FB179733F840
:10173000171001F015FB0B9BA4EB0B02B3F5F06F38
:1017400094BF4FEA9B034FF4F0731A4473689B1ADB
:10175000002BFBDB0423CAF80030DAF8083023F052
:10176000004323F03F0343F00403CAF8083044F673
:101770002063DAF80020520701D4013BF9D1DAF8EE
:101780004000089B80B2834228BF03460893099B10
:10179000834238BF034609930E9B4B452FDCFFF76E
:1017A000CBFA5D49FFF720FB5C49FFF7D1FB5449B9
:1017B000FFF710FA5149FFF7CBFB22AB119053F81A
:1017C0002710FFF711FBFEF7BFFE02460B46DDE9CF
:1017D0000401FEF75BFD62AB03EB8707CDE9040173
:1017E00057F8801C1198FFF7FFFAFEF7ADFE02468E
:1017F0000B46DDE90601FEF749FDCDE906017368F8
:1018000009F10109A34207D973686FF000421B1B5D
:10181000934238BF08F101086FF000427368A34299
:1018200003D27368E31A9342F8D30D9B5C444B4593
:101830007FF477AFB8F1000F09D00A98FEF784FE65
:10184000CDF8008002460B4635480DF046FF35487E
:10185000DDE90634DDE90812CDE90234DDE90434BE
:10186000CDE900340DF039FF0F98FEF75BFE04461A
:101870000D46DDE9042310461946FEF707FD224612
:101880002B46FEF7E3FF80468946DDE90623104636
:101890001946FEF7FBFC22462B46FEF7D7FF4246D1
:1018A00006460F464B4640464946FEF7A5FE04460F
:1018B0000D4632463B4630463946FEF79DFE02460F
:1018C0000B4620462946FEF7E1FC0CF0DDFB044602
:1018D0000D4605A3D3E90023FFF700F920B302A5C5
:1018E000D5E9004520E000BF95D626E80B2E113E35
:1018F00000803B450000FA44DB0FC9400000204156
:101900000080BB4400FF7F47C0E1E44D001000E0D1
:1019100000ED00E00060025800404E4500F07F45B9
:10192000F5500108175101080C98FEF70DFE02460C
:101930000B4620462946FEF789FF00F09DF900225C
:10194000114BFEF759FEFFF7F1F86C9B4246394602
:1019500018604B46304600F08FF809A3D3E9002306
:10196000FEF74AFEFFF7E2F86D9B186063B0BDE832
:10197000F08F204689E6584687E600BFAFF3008027
:1019800026CF030DDCA54C400000344000000000D1
:101990002DE9F04704468AB08846174610F08BFEC2
:1019A0000A220023FFF77CFCB8F1010F06460D4622
:1019B00008D12B4ACDE90001082120460EF0AEFDEA
:1019C000002012E07F6827483946FFF783FC78B192
:1019D00039462548FFF77EFC50B120463B46234A56
:1019E00001210EF09BFD6FF004000AB0BDE8F08706
:1019F0003046294618A3D3E90023FFF701FC064629
:101A00000D46104619461A4A0023FFF7F9FB804697
:101A10000F46104619464EF660220023FFF7F0FBF2
:101A200082468946104619464FF47A720023FFF722
:101A3000E7FBCDE904A9CDE90601CDE9082308219A
:101A40000C4A2046CDE90287CDE900650EF066FD1F
:101A5000B6E700BFAFF30080005C26050000000081
:101A600048580108595801085C5801086558010890
:101A700080EE36007D5801082DE9F84F1746904654
:101A8000994623F000427B42DFF8E4A13B4342EA5F
:101A9000D373534504460D4609D8464221F000430E
:101AA000064343EAD67656458E46834608D94246D3
:101AB0004B4620462946FEF7E9FB04460D4616E054
:101AC00009F1404606F580163E4303D1BDE8F84FC4
:101AD00000F0DEBC4FEAA97606F002065BEA030BD3
:101AE00046EAD17617D1022E05D0032E0AD0204621
:101AF0002946BDE8F88F48A3D3E9002348A1D1E9DE
:101B00000001D8E744A3D3E9002347A1D1E90001AC
:101B1000FEF7BAFBD1E717430DD1BEF1000F3EA38C
:101B2000D3E9002303DA42A1D1E90001F0E742A1A1
:101B3000D1E90001BFE7524524D1934218D1022ECA
:101B400035A3D3E900230BD0032E0DD0012E03D0F3
:101B50003BA1D1E90001AEE73BA1D1E90001D7E704
:101B60003BA1D1E90001A6E73BA1D1E90001CFE704
:101B7000022EC0D0032EC5D0012E4FF0000448D055
:101B80000025B4E75345C8D09B1AB3F1747F4FEAE0
:101B900023521ADB32A3D3E9002327A1D1E90001A4
:101BA000FEF774FB04460D46012E21D0022E23D0F1
:101BB000002E9CD02CA3D3E9002320462946FEF713
:101BC00063FB17A3D3E90023A2E7B9F1000F01DA01
:101BD0003C320ADB42464B4620462946FEF736FE9B
:101BE00021F0004100F054FCDCE700240025DBE795
:101BF00005F100431D467AE71BA3D3E900232046E5
:101C00002946FEF741FB02460B4605A1D1E900013A
:101C10007EE74FF000456AE759F3F8C21F6EA50151
:101C2000182D4454FB210940182D4454FB2109C0B0
:101C3000182D4454FB21F9BF182D4454FB21F93FC2
:101C4000182D4454FB21E93F182D4454FB21E9BFD2
:101C5000D221337F7CD90240D221337F7CD902C08C
:101C6000075C143326A6913C075C143326A6A13CDE
:101C70000000F07F00000000B1F5801F2DE9F8435F
:101C800004460D460B4622DA21F00042024304D1FD
:101C9000BDE8F84301200CF0BFBC002903DABDE821
:101CA000F8430CF0C5BC304B0022FEF7A5FC6FF0EA
:101CB000350204460D460B462C498B4209DD22466F
:101CC0002B4620462946FEF7E1FABDE8F8830022BC
:101CD000F2E71815A0F2FF3010444FEAD07900EB7C
:101CE000D070C3F31308FEF71DFCC9F57F730333EF
:101CF00048EA035506460F462046294600F054FDA3
:101D000013A3D3E900238046894630463946FEF7BF
:101D100073FC11A3D3E9002304460D46404649460F
:101D2000FEF76AFC02460B4620462946FEF7AEFA4D
:101D30000BA3D3E9002304460D4630463946FEF78F
:101D40005BFC02460B4620462946BCE7AFF3008009
:101D5000362BF111F3FE593D0EE526157BCBDB3F0B
:101D600000609F501344D33F00005043FFFFEF7FBC
:101D70002DE9F04F31F0004387B081460E4607460B
:101D80000C460DD180F480077F0017F5000F40F25C
:101D9000528331464846FEF71FFF07B0BDE8F08F7B
:101DA00020F00048B8F1FF4F014602D8B3F1FF4FD1
:101DB00008D9B7F17E5FECD184F48004640014F597
:101DC000000FE4E7002823DAB3F1974F80F038835F
:101DD000B3F17E5F36D3DA15C2F1960243FA02F50B
:101DE00005FA02F29A4225D105F00105C5F1020576
:101DF000B3F17E5F27D1002C7EDA00214846FFF741
:101E000087F9C8B1F80F07B0BDE8F04F0CF07EBC01
:101E1000B3F1FF4F0ED1B8F17E5F00F00C8304D90F
:101E2000002C80F20B830020B7E7002CFBDA06F1D0
:101E30000040B2E70025DBE749464FF07E50FFF750
:101E400087F8AAE70025B4F1804F424640F0FE82B1
:101E5000B8F1BF4F20D2B8F1D05F04D94946484607
:101E6000FEF7C2FF99E729F00040B8F1000F40D01B
:101E7000F90F01390391294324D0B3F19A4F40F26D
:101E8000D780654B984539D8002C3CDA002007B044
:101E9000BDE8F04F0CF032BC27F0404CBCF17E5F47
:101EA00029F000401AD1002C04DA01464FF07E5090
:101EB000FFF74EF8002FBFF670AFA8F17E5858EA32
:101EC000050805D1484607B0BDE8F04F0CF026BC28
:101ED000012D7FF462AF00F100405EE7B8F1000F22
:101EE000C6D1002C05DA17B16B1E5942594108467C
:101EF00089E7012D7FF451AF48464EE7474B98459F
:101F000007D9002CC2DC002007B0BDE8F04F10F06C
:101F100019BF4FF07E51FEF75DFE41490746FEF7BF
:101F200063FF404981463846FEF75EFF804638A190
:101F3000D1E90001FEF7FAFD4FF07A5182463846AA
:101F4000FEF752FF01465046FEF744FE3946FEF7C3
:101F50004BFF01464FF07C50FEF73CFE394682466F
:101F60003846FEF741FF01465046FEF73DFF2E4939
:101F7000FEF73AFF01464046FEF72CFE014680463A
:101F80004846FEF729FE20F47F6727F00F074946F1
:101F90003846FEF71FFE01464046FEF71BFE039B38
:101FA000013D6FF30B041D438046214630460CBFB4
:101FB0001E4D4FF07E55FEF70DFE3946FEF714FF1D
:101FC000314681464046FEF70FFF01464846FEF780
:101FD00003FE214606463846FEF706FF0146074641
:101FE0003046FEF7F9FD00280446804620F0004305
:101FF00040F34481B3F1864F40F22D810021284601
:10200000FFF790F8003818BF012040E7AFF30080D9
:10201000E13D55555555D53FF3FF7F3F0700803FC4
:1020200000AAB83F70A5EC363BAAB83F000080BFBD
:1020300017F0FF4F40F00B814FF09741FEF7D4FEB1
:102040006FF017010246D3157F3B0B44964902936C
:10205000C2F316028A4242F07E5308DD93498A4257
:1020600040F3F780029A01320292A3F500030027A1
:102070008F4A049352F827B0184659469A46FEF7FD
:10208000A9FD514681465846FEF7A6FD01464FF090
:102090007E50FEF75DFF014605904846FEF7A4FE20
:1020A0000190019B83496FF30B039846049B01EA5F
:1020B000630343F0005303F5800303EB47534146AA
:1020C00018460493FEF790FE01464846FEF782FD4F
:1020D000049B814659461846FEF77CFD0146504652
:1020E000FEF778FD4146FEF77FFE01464846FEF7C3
:1020F00071FD059A1146FEF777FE01998346084661
:10210000FEF772FE6C498146FEF76EFE6B49FEF7E4
:1021100063FD4946FEF768FE6949FEF75DFD4946E5
:10212000FEF762FE6749FEF757FD4946FEF75CFE83
:102130006549FEF751FD4946FEF756FE6349FEF735
:102140004BFD494682464846FEF74EFE0146504644
:10215000FEF74AFE414681460198FEF73DFD59468D
:10216000FEF742FE4946FEF737FD414682464046AD
:10217000FEF73AFE56490490FEF72EFD5146FEF753
:102180002BFD20F47F6929F00F0941464846FEF7F0
:102190002BFE4F4980464846FEF71CFD0499FEF78A
:1021A00019FD01465046FEF715FD0199FEF71CFE8C
:1021B000494682465846FEF717FE01465046FEF74E
:1021C0000BFD834601464046FEF706FD20F47F697D
:1021D00029F00F093F494846FEF706FE4146824670
:1021E0004846FEF7F7FC01465846FEF7F3FC3A492D
:1021F000FEF7FAFD394980464846FEF7F5FD0146EF
:102200004046FEF7E9FC364B53F82710FEF7E4FC96
:1022100080460298FEF794FD324B53F827B0814672
:1022200041465046FEF7D8FC5946FEF7D5FC4946D4
:10223000FEF7D2FC20F47F6727F00F0749463846A7
:10224000FEF7C8FC5946FEF7C5FC5146A1E6002141
:10225000F9E601270CE74BD123493046FEF7BCFCD9
:10226000394681462046FEF7B5FC01464846FEF752
:1022700077FF00287FF4C2AE86233EE01B4A9342DC
:1022800007D900212846FEF74DFF003818BF01206E
:102290003AE62DD13946FEF79DFC3146FEF756FF52
:1022A0000028E9D0EDE700BF71C41C00D6B35D0083
:1022B0004C4A010800F0FFDF42F1533E55326C3EBC
:1022C00005A38B3EABAAAA3EB76DDB3E9A99193F98
:1022D000000040400040763F4F38763FC623F6B8B6
:1022E0003C4A0108444A01083CAA3833000016431E
:1022F000B3F17C5F40F29B80DB157E3B4FF4000422
:102300001C414444C4F3C75357497F3B1941214002
:10231000C4F31604C3F1170344F400041C41B8F1DC
:10232000000F3846B8BF6442FEF754FC07463146FA
:102330003846FEF751FC20F47F6929F00F094B491C
:102340004846FEF751FD394680464846FEF742FCB6
:1023500001463046FEF73EFC4549FEF745FD45493E
:1023600006464846FEF740FD01463046FEF734FC7F
:10237000074601464046FEF72FFC41460646FEF75B
:1023800029FC01463846FEF725FC3146804630469A
:10239000FEF72AFD38490746FEF726FD3749FEF7C6
:1023A00019FC3946FEF720FD3549FEF715FC394684
:1023B000FEF71AFD3349FEF70DFC3946FEF714FD12
:1023C0003149FEF709FC3946FEF70EFD014630465D
:1023D000FEF700FC074601463046FEF705FD4FF0CC
:1023E000804181463846FEF7F5FB01464846FEF738
:1023F000AFFD414607463046FEF7F6FC4146FEF784
:10240000EBFB01463846FEF7E5FB3146FEF7E2FB03
:1024100001464FF07E50FEF7DDFB00EBC453B3F5F1
:10242000000F06DA21460CF00BF9294618E50024C6
:102430007DE71846F9E74FF07E50AEE43046ACE455
:10244000B3F1FF4F3FF4E7AC42460225B4F17C5FA5
:102450007FF422AD002FFFF61FAD484607B0BDE860
:10246000F04F10F003BD00BF000080FF0072313F4D
:102470001872313F8CBEBF354CBB31330EEADD35AF
:1024800055B38A38610B363BABAA2A3E00000000E8
:10249000BB4A2DE9F84F21F00043934204460D4614
:1024A0008B4620D9B74A934201D80CD158B1224665
:1024B0002B4620462946FDF7E9FE04460D462046F8
:1024C0002946BDE8F88FBBF1000F91A3D3E90023A3
:1024D00003DD91A1D1E90001EDE791A1D1E900016E
:1024E000FDF7D2FEE9E7A84A934200F28580A2F107
:1024F000DE729342E3D94FF0FF3A22462B46204644
:102500002946FEF779F802460B4680468946FEF7D3
:1025100073F885A3D3E9002306460F46FEF76CF84F
:1025200083A3D3E90023FDF7B1FE32463B46FEF715
:1025300063F881A3D3E90023FDF7A8FE32463B46AA
:10254000FEF75AF87EA3D3E90023FDF79FFE32463B
:102550003B46FEF751F87CA3D3E90023FDF796FE36
:1025600032463B46FEF748F879A3D3E90023FDF74E
:102570008DFE42464B46FEF73FF877A3D3E9002392
:102580008046894630463946FEF736F874A3D3E9CB
:102590000023FDF779FE32463B46FEF72DF872A385
:1025A000D3E90023FDF770FE32463B46FEF724F8E0
:1025B0006FA3D3E90023FDF767FE32463B46FEF7E3
:1025C0001BF86DA3D3E90023FDF75EFE32463B46C0
:1025D000FEF712F802460B4640464946FDF756FE06
:1025E00022462B46FEF708F8BAF1FF3F02460B469B
:1025F0006BD12046294673E7644A9342064621F090
:10260000004738D8A2F5502293421CD802463B46D8
:102610003946FDF73BFE5E4B0022FDF735FE0022FA
:1026200004460D464FF0804330463946FDF72EFEF6
:1026300002460B4620462946FEF708F94FF0000AED
:1026400004460D4659E7524B00223946FDF71CFE61
:102650004F4B04460D46002230463946FDF716FE24
:1026600002460B4620462946FEF7F0F84FF0010AD5
:1026700004460D4641E7474A93421BD2464B00228F
:102680003946FDF701FE444B04460D460022304614
:102690003946FDF7B1FF3E4B0022FDF7F7FD02463C
:1026A0000B4620462946FEF7D1F84FF0020A0446B1
:1026B0000D4622E7024639493B460020FEF7C6F8A0
:1026C0004FF0030A04460D4617E7354B354E03EB32
:1026D000CA03D3E90023FDF7D7FD22462B46FDF7B9
:1026E000D3FD06EBCA0602460B46D6E90001FDF70C
:1026F000CBFDBBF1000FBCBF024601F10043044615
:102700000D46BCBF14461D46D9E600BFAFF300809E
:10271000075C143326A6913C182D4454FB21F93F45
:10272000182D4454FB21F9BF11DA22E33AAD903F52
:10273000EB0D76244B7BA93F513DD0A0660DB13FF8
:102740006E204CC5CD45B73FFF8300922449C23F60
:102750000D5555555555D53F2F6C6A2C44B4A2BF25
:102760009AFDDE522DDEAD3F6D9A74AFF2B0B33FED
:10277000711623FEC671BC3FC4EB98999999C93F65
:10278000FFFF0F440000F07FFFFFDB3FFFFFF23F42
:102790000000F03F008003400000F83F0000F0BF61
:1027A000F83C0108183D01082DE9F04FB1F5801FF4
:1027B00087B0074688460D4625DA21F000430343DB
:1027C00005D1012007B0BDE8F04F0BF025BF00296F
:1027D00004DA07B0BDE8F04F0BF02ABFC64B002269
:1027E000FDF70AFF88460D4607466FF03501C348DE
:1027F00085420ADD3A46434638464146FDF746FDE6
:1028000007B0BDE8F08F0021F1E72C15A4F2FF34EA
:10281000C5F313050C4405F5152101F6647101F4A7
:10282000801686F07F5181F4401141EA0503194674
:102830000022B34B3846FDF727FDAB1CC3F313034F
:10284000022B04EB165482468B464FF0000253DCF9
:102850000023FEF739F9D0B1002C00F0208120468A
:10286000FDF760FE90A3D3E9002306460F46FDF76F
:10287000C3FE8FA3D3E9002304460D4630463946F4
:10288000FDF7BAFE02460B4620462946B6E78AA364
:10289000D3E9002350465946FDF7AEFE02460B46EB
:1028A00000209849FDF7F0FC524606460F465B466D
:1028B00050465946FDF7A0FE02460B4630463946C3
:1028C000FDF79AFE06460F4614B932463B46A0E095
:1028D0002046FDF727FE74A3D3E9002380468946EE
:1028E000FDF78AFE72A3D3E9002304460D46404655
:1028F0004946FDF781FEA5E04FF08043FDF7C6FC99
:1029000002460B4650465946FDF7A0FFCDE90001AF
:102910002046FDF707FEDDE90023CDE90201104660
:102920001946FDF769FE02460B46CDE90423FDF783
:1029300063FE63A3D3E9002380468946FDF75CFE6E
:1029400061A3D3E90023FDF7A1FC42464B46FDF706
:1029500053FE5FA3D3E90023FDF798FC42464B46A4
:10296000FDF74AFE5CA3D3E90023FDF78FFCDDE908
:102970000423FDF741FE5AA3D3E90023CDE9040166
:1029800040464946FDF738FE57A3D3E90023FDF73B
:102990007DFC42464B46FDF72FFE55A3D3E90023AD
:1029A000FDF774FC42464B46FDF726FEA5F5C22610
:1029B00002460B46C5F5D725DDE90401FDF766FCA7
:1029C000A6F27A4651353543002D8046894648DDCA
:1029D0004C4B002250465946FDF70EFE52465B46D0
:1029E000FDF70AFE02460B4606460F46404649469C
:1029F000FDF74CFCDDE90023FDF7FEFD804689462E
:102A000064B902460B4630463946FDF73DFC0246A6
:102A10000B4650465946FDF737FCF1E622A3D3E9B1
:102A20000023DDE90201FDF7E7FD21A3D3E900233F
:102A300004460D46DDE90201FDF7DEFD42464B4648
:102A4000FDF724FC02460B4630463946FDF71CFCD8
:102A500052465B46FDF718FC02460B4620462946C7
:102A6000D9E702460B4650465946FDF70DFCDDE915
:102A70000023FDF7C1FD06460F46002C3FF425AFAD
:102A800009A3D3E90023DDE90201FDF7B5FD08A3A1
:102A9000D3E9002304460D46DDE9020129E70020C1
:102AA0000021ADE6AFF300800000E0FE422EE63FDD
:102AB000763C7935EF39EA3D555555555555D53F55
:102AC00044523EDF12F1C23FDE03CB966446C73F5D
:102AD000599322942449D23F935555555555E53F76
:102AE0009FC678D0099AC33FAF788E1DC571CC3F81
:102AF00004FA97999999D93F00005043FFFFEF7F5F
:102B00000000F03F0000E03F30F000422DE9F84FB8
:102B10000146034604D1BDE8F84F01200BF0F6BD95
:102B2000002803DABDE8F84F0BF0F8BDB0F1FF4F15
:102B300003DBFEF751F8BDE8F88FB0F5000F35DA8A
:102B40004FF09841FEF750F96FF018020346C3F3B7
:102B50001604DE15764B234403F400007F3E80F01C
:102B60007E5016444FF07E51204306EBD356FEF7BD
:102B700031F8704B04F10F0213400546002B3ED193
:102B80000021FEF7C5FA98B1002E00F0C88030464B
:102B9000FEF7D6F868490546FEF726F96749044668
:102BA0002846FEF721F901462046C2E70022CEE77B
:102BB0005DA1D1E90001FDF7B9FF2946FEF714F93F
:102BC00001464FF07C50FEF705F82946044628469A
:102BD000FEF70AF901462046FEF706F904460EB94B
:102BE00021466FE03046FEF7ABF853490746FEF743
:102BF000FBF8524906463846FEF7F6F872E04FF009
:102C00008041FDF7E9FF01462846FEF7A1F981461C
:102C10003046FEF795F8494680464846FEF7E4F808
:102C200001468246FEF7E0F84549DFF818B107464D
:102C3000FEF7DAF84449FDF7CFFF3946FEF7D4F83E
:102C40004249FDF7C9FF3946FEF7CEF84049FDF786
:102C5000C3FF5146FEF7C8F83E4982463846FEF7A4
:102C6000C3F83D49FDF7B8FF3946FEF7BDF83B49CB
:102C7000FDF7B2FF3946FEF7B7F801465046FDF7BB
:102C8000ABFFC4F55713A34403F5227343EA0B03C8
:102C9000002B074630DD4FF07C512846FEF7A4F8A4
:102CA0002946FEF7A1F8014604463846FDF794FF91
:102CB0004946FEF799F8074646B901462046FDF712
:102CC00089FF01462846FDF785FF34E71A4940464B
:102CD000FEF78AF8194906464046FEF785F8394658
:102CE000FDF77AFF01462046FDF774FF2946FDF700
:102CF00071FF01463046E6E701462846FDF76AFFC8
:102D00004946FEF771F80446002E3FF469AF0A49C0
:102D10004046FEF769F80949064640466CE7002040
:102D200009E700BFAFF30080555555555555D53FC0
:102D300020FB4A00F0FF7F008071313FD1F7173749
:102D40009788173E305CCFFF25333A3E2549923EA7
:102D5000ABAA2A3F4FD01C3E298E633ECDCCCC3E41
:102D600010B5114B08304FF480140A0AC0B29C61B0
:102D7000C9B20E4B83F8200083F8202083F820107E
:102D80001A6842F400721A6044F620625969090711
:102D900001D4013AFAD19A6942F008029A611022EC
:102DA000014B9A6110BD00BF000002580030014085
:102DB0002DE9F043144689B00A22002106466068D6
:102DC00009F0BCFF07460021A06809F0C9FD072FE4
:102DD00080460AD96FF015052D4A012130460DF0C5
:102DE0009DFB284609B0BDE8F0832A49FDF7FCFFAA
:102DF0002949FDF7F1FE00210446FEF793F988BB4F
:102E000026492046FEF7ACF900B1244C2349204660
:102E1000FEF79EF82249FDB2FDF7E6FFFEF7D0F976
:102E20002946024681461F480CF039F800281BDA73
:102E3000002307A91B488DF81E3010238DF81C5065
:102E40008DF81D300CF02EF829464A4615480CF036
:102E500026F8051E08DA2B46134A012130460DF0EC
:102E60005DFBBEE70024D1E720460025FDF76CFBA3
:102E7000CDF80890CDE904014046FDF765FB3B46DF
:102E80000A4ACDE90001082130460DF047FBA8E7CA
:102E9000444E0108000020410080BB4400803B45B7
:102EA00000FF7F475C320108624E0108864E010830
:102EB00030B51F4BBDB00D4610221C5C01AB00218C
:102EC00018460FF0E9FC012363220590A3400AACE9
:102ED000ADF81020C82206930C230794CDE90823EF
:102EE000144805A983685B68984700281DDB002308
:102EF0001846194634F9022B0133101841EBE271E0
:102F0000642BF7D1FDF732FF0B49FEF721F80B498F
:102F1000FDF76AFF0A49FEF71BF80A49FDF75AFE5A
:102F20000949FEF715F8286000203DB030BD00BF0C
:102F30005D790108FC3101080000C84200404E459F
:102F400000F07F450080BB440000204101297FB58F
:102F5000054613462BD90A220021586809F0EEFED7
:102F60000728064609D96FF01504214A0121284691
:102F70000DF0D4FA204604B070BD03A9C0B2FFF72B
:102F800097FF044630B103461A4A012128460DF046
:102F9000C5FAEFE70398FDF7D7FA3346164ACDE9AD
:102FA0000001082128460DF0B9FA0024E2E70024C8
:102FB000124A08210DF0B2FA03A9E0B2FFF778FF38
:102FC00048B123460E4A082128460DF0A7FA0134DD
:102FD000082CF1D1E9E70398FDF7B6FA2346094A30
:102FE000CDE90001082128460DF098FAEFE700BF6F
:102FF000444E0108BD4E0108D74E0108034F010899
:103000002F4F0108454F01082DE9F04F154691B0AB
:103010000A2200210746686809F090FE00218246D6
:10302000A86809F09DFC00210446E86809F098FCB6
:1030300000210646286909F093FC0A220990002124
:10304000686909F07BFEBAF1070F05460AD9744A90
:103050006FF01505012138460DF060FA284611B0D1
:10306000BDE8F08F00210998FEF766F808B16D4AB7
:10307000EEE731462046FEF75FF800285FD04FF0BC
:103080007E5909984FF000080695FDF75DFA25EA8C
:10309000E575CDE904013046FDF756FACDE90201A8
:1030A0002046FDF751FA53465F4ACDE90001082159
:1030B00038460DF033FA0A23A5FB0332CDE90A3274
:1030C0005A492046FDF790FE5949FDF785FD4146D6
:1030D0000546FEF727F8002836D156492846FEF760
:1030E0003FF878B3534853495FFA8AFBFDF730FF46
:1030F0005149FDF779FEFEF763F859460246054649
:103100004E480BF0CCFE002820DA00230FA94B48D4
:103110008DF83E3010238DF83CB08DF83D300BF02B
:10312000C1FE2A46594645480BF0B9FE051E0DDA88
:103130002B46434A012138460DF0F0F98EE7DFF8BF
:1031400004919EE72846CEE74046CCE7DDE90A0138
:103150000FF049FA0FA95846CDF83C80FFF7A8FEBA
:1031600005462046FDF7F0F902460B4645B1CDE98C
:1031700000230121344A384602950DF0CFF96DE75E
:103180000F98CDE90C23FDF7DFF9DDE90C23CDE93C
:103190000201CDE90023082138462C4A0DF0BEF982
:1031A00041464846FDF7DCFFE0B131462046FDF7D9
:1031B000CDFF00282DD109994846FDF715FE01469F
:1031C0002046FDF709FD414604464846FDF7C8FF85
:1031D00098B121463046FDF7A5FF00283FF470AFB7
:1031E00034466DE741464846FDF79CFF0028E2D093
:1031F00031462046FDF7A0FFDBE741464846FDF794
:1032000091FF00283FF45CAF21463046FDF7A8FF50
:10321000E3E70F4A082138460DF080F91EE700BFAA
:10322000444E0108554F01086C4F01080000204131
:103230000080BB4400803B4500FF7F475C320108B3
:10324000B14F0108000080BFCC4F0108FA4F0108C0
:10325000225001080D4A9368D80716D5936823F0C9
:10326000004323F03F0343F01003936041F288339F
:103270009168C90601D5013BFAD1936823F0004358
:1032800023F03F0343F0020393607047006002584D
:1032900038B5414C0546A368DA0003D4A36843F06F
:1032A0008053A36032200EF0E9FF0123E269AB40B6
:1032B0001343E361A368DB071DD5A368364A23F0F7
:1032C000004323F03F0343F01003A360334B9168A6
:1032D000C80601D5013BFAD1936823F0004323F0DF
:1032E0003F0343F0020393602C4B2B4A9168C907BC
:1032F00001D5013BFAD1284C294BA268134043F079
:10330000004343F48033A360264BA268002A04DA0A
:10331000013BFAD124480CF0E0F9236B072023F09D
:103320000F032363214B216B53F8253021F4F861FF
:103330001F4D1A0D02F4F8620A43D90DC3F304536A
:10334000226301F00401E268984022F47E62E260A8
:103350004A5922EA0002022000FA03F313434B51B8
:10336000E36823F00303E36001232360A36823F0F1
:10337000004323F03F0343F00103A360094B064CD5
:103380002268D20704D4013BFAD10A480CF0A5F90F
:103390000123236038BD00BF00600258A0860100F1
:1033A000C0FFFE3F404B4C0050500108083E010852
:1033B0001460025833500108134600210A222DE9F7
:1033C000F043064687B0586809F0B8FC072809D9C9
:1033D0003046244A01210DF0A1F86FF0150007B026
:1033E000BDE8F083204B0A24204D4FF00408204F05
:1033F000185CFFF74DFFC5F8008044F62062AB680B
:1034000023F0004323F03F0343F00403AB602B6839
:103410005B0701D4013AFAD12B68286C1FFA80F9B6
:103420004846CDE90423FDF787FC3946FDF7DCFC6F
:103430001049FDF78DFDFDF787F84B460E4ACDF894
:103440000090CDE90201082130460DF067F84FF4F5
:103450007A7000210FF0C7F8013CCCD1FFF7FAFEDB
:103460002046BCE7444E01085D790108006002581F
:1034700000404E4500F07F45735001081C4B82B060
:10348000D3F8F02042F48052C3F8F020D3F8F030A3
:1034900003F480530193019B164B1A68D20716D58B
:1034A0001A6842F480621A6041F28832596908054C
:1034B00001D4013AFAD11A6822F001021A6041F2ED
:1034C00088330C4A1168C90701D5013BFAD1094B71
:1034D0004FF0FF329A615A686FF30F0242F0030215
:1034E0005A601A6842F001021A6002B0704700BFC9
:1034F0000044025800300140074B1A68D0070AD533
:103500001A6822F001021A6041F288321968C9076C
:1035100001D5013AFAD17047003001402DE9F74F4B
:10352000154607460A2200216868002609F006FCB5
:103530000A225FFA80F80021A86809F0FFFB0A223E
:103540001FFA80F90021E86809F0F8FB4C461FFAE1
:1035500080FA4A464146194855460BF0A0FCFFF751
:103560008DFF4346164A08213846CDE9009A0CF0F3
:10357000D5FFF30740464BBFAB46A34651464946ED
:10358000FFF7EEFB33460F4A08213846CDF800B06E
:103590000CF0C4FF013642F2107000210FF023F846
:1035A000142EE6D1FFF7A8FF3846074A08210CF091
:1035B000B5FF002003B0BDE8F08F00BF5C3201080A
:1035C000A2500108D9500108EE5001082DE9F04F32
:1035D000154691B00A2200210646686809F0AEFB44
:1035E00000210446A86809F0BBF900210B90E868A7
:1035F00009F0B6F900218146286909F0B1F90021E6
:103600008046686909F0ACF900210746A86909F00D
:10361000A7F9072C824609D9654A304601210CF0EA
:103620007DFF6FF0150011B0BDE8F08F0021484616
:10363000FDF782FD08B15F4AEFE700214046FDF744
:103640007BFD20B939464046FDF78AFD08B15A4A4C
:10365000E3E700215046FDF76FFD08B1574ADCE76C
:10366000574B504613F804B0FCF76EFFCDE9080144
:103670003846FCF769FFCDE906014046FCF764FFD8
:10368000CDE904014846FCF75FFFCDE902010B9844
:10369000FCF75AFF23464B4AE4B2CDE9000108216A
:1036A00030460CF03BFF484A082130460CF036FF0C
:1036B00046490B98FDF798FB4549FDF78DFA002127
:1036C0000546FDF72FFD00283FD142492846FDF76A
:1036D00047FD002837D03F483E49FDF739FC3E49B9
:1036E000FDF782FBFDF76CFD2146024605463B488F
:1036F0000BF0D5FBFFF7C2FE5846FFF7C9FD404669
:103700000AF0A0FD804638460AF09CFD51460C9018
:103710004FF07E50FDF71CFCDFF8B0A08346304927
:103720000C98FDF759FA4146FDF710FD78B9A9B29A
:103730000B902046FFF714FBFFF7DEFEFFF78AFD34
:103740000B9B18466FE72846C6E70020C4E74146B2
:103750005046FEF70DFB01460D903846FDF7E2FCA2
:103760000D9B00B13B460FAA0B9920460D93019289
:103770000EAA00924A46FDF73BFF0F98FCF7E4FEC5
:10378000CDE904010E98FCF7DFFE0D9BCDE90201A7
:103790001846FCF7D9FE134ACDE90001082130464E
:1037A0000CF0BCFE40465946FDF716FA8046B6E7D7
:1037B000444E010847510108615101087A5101083E
:1037C0005D79010899510108E65101080000204186
:1037D0000080BB4400803B4500FF7F475C3201080E
:1037E00017B7D138015201082DE9F341384C23684D
:1037F00003F00703022B04D9364A032120460CF0BC
:1038000099FB35480EF06AFD58B923685B0704D070
:10381000324A01212E480CF08DFB002002B0BDE899
:10382000F0812F480EF05AFD0028EED0002500232D
:10383000694629488DF8023010238DF800508DF824
:1038400001300BF02FFB002809DA236813F0060F74
:1038500005D0244A2B4602211D480CF074FB01358B
:10386000082DE4D11E4B00251F4ED3F8088040F2EE
:10387000094316F8017B00930023ADF8043067F389
:1038800004038DF8043016486946D8F8003098478C
:10389000002809DA236813F0060F05D0134A3B46C7
:1038A00002210B480CF04FFB0135082DDFD12368B6
:1038B00003F00703022B04D90D4A032104480CF03E
:1038C00039FB4FF0FF314FF0FF300EF08CFEF8E780
:1038D000F0020024115201085C3201083F52010835
:1038E000FC3101085A5201085D7901087052010843
:1038F000865201082DE9F041884600AF002900F00A
:1039000084800568012228460BF015FB0146044619
:1039100028460BF0CAFA10EA020319D13C480268A3
:1039200056070DD06E4688B06A463A49CDE905186B
:10393000032142F8101F4FF4C25101F08DF8B54633
:10394000002383F31188BFF36F8F0423184602DF2F
:10395000214628460BF0BFFA261800222846314699
:103960000BF0A3FA361AB4421BD029480368590752
:103970000FD06E4688B06946274BCDE90538032342
:1039800041F8103F13460A464FF4C25101F064F863
:10399000B546002383F31188BFF36F8F04231846C5
:1039A00002DF0022214628460BF09BFA21460BF04D
:1039B00092FA26180122284631460BF076FAC20701
:1039C00008D4314628460BF0F8FA324621462846FC
:1039D0000BF06AFB0022214628460BF066FA261AF5
:1039E0000122284631460BF060FAC30709D431465C
:1039F00028460BF0E2FA22463446314628460BF0C0
:103A000053FB214628460BF06DFBBD46BDE8F08117
:103A1000FC0200245A54010831540108024808B538
:103A20000BF05BFE002008BD875401080E4A0346D8
:103A3000904202D30D4A904211D30D4A22B19342D3
:103A400002D30C4A93420AD30B4A52B10B48834229
:103A500034BF01200020934238BF0020704701206E
:103A600070471046704700BF142F0108D87901082D
:103A70000000000000000000000000000000000046
:103A80002DE9F04F9BB004468B4600AFD7F890A0CD
:103A9000FA637B6349B903784678807800EB83004A
:103AA00020445E4520D8A0EB040B0AF00103A67861
:103AB000FB62002E0CBF4FF000090AF00109E37809
:103AC0003B6313B11AF0020F17D1B9F1000F14D1F3
:103AD000FB6B1BB17A6B5946204698475D462846DA
:103AE0006C37BD46BDE8F08F451C0BF1010B284635
:103AF000FDF702FC01302844D3E7CAF3C003FB61A1
:103B00002378BB629B00BB6163683B62BB6A04EBCA
:103B10008301FB6B002B40F082805D460E44B9F1BF
:103B2000000F1DD08B469946DFF8B0821BF8013B91
:103B300054F82300002808BF4046FDF7DDFBD7F806
:103B4000943001304BB1D7F898304B4582BFD7F84D
:103B5000943023F8190009F101095E450544E5D1C7
:103B60001AF0050F0AF002034FF000080CBF4FF0E7
:103B7000020B4FF0010BFB633B6B9845AFD27378A0
:103B8000023654F823A05046FFF750FFFA69034667
:103B90002AB3B86316F8021C386A0BF04FFDBB6BF2
:103BA000E8B18F48036813F0060F14D0EA468AB0D4
:103BB0006A468C4B05933B6ACDE906314FF400739E
:103BC000ADF82030884B42F8103F00234FF41251DB
:103BD00000F042FFD546023D08F10108CCE723B1D1
:103BE000FB6A2BB9A5EB0B05F6E7FB6B002BF3D0BB
:103BF0007A48BAF1000F18BF5046FDF77DFBD7F8A1
:103C0000943053B1D7F8983099453FBF431CD7F84B
:103C1000942022F8193009F101090544DCE7B9F1D3
:103C2000000F6CD0102E334607F148004FF000080B
:103C300028BF1023BB6397F83890BA6B79620EF0F7
:103C400004FE796A00228B197A620AF002027B6113
:103C500002333A610AF00402FA607A6A396B8A42E6
:103C600062D363781AF0020FF96A7B624B440CBF8F
:103C70004FEA58020022DBB2002940F0AC801AF073
:103C8000040F14BF4146002163702046A170E2700A
:103C9000B9697A6BFB6B9847051EFFF620AFBB6ACC
:103CA0004146A67007F1580023707B6A7A6B6370F7
:103CB0003B6BE370FB6B9847061EC0F2C9803A6B02
:103CC000BB69386B03EB4203ABEB0301D7E90D2370
:103CD000C91A7B6903EB4000FB6B98470028C0F2D0
:103CE000B9802E444FF0000807F1480A3518C8453E
:103CF0007CD300217A6BFB6B08469847EFE666B1F0
:103D00001AF0040F0DD0102E334607F1580028BFCB
:103D10001023BB6397F838808FE7B046B146BE6387
:103D200090E7C846BE638DE713F8015C13F8021CE8
:103D300054F82500BB60FFF779FE0246F869BB68BE
:103D400038B1386AC7E901320BF078FCD7E90132A3
:103D500010BB32B3FA6A72B1B9F10F0F1CD809F176
:103D6000280107F1400009F1010201445FFA82F9DC
:103D700001F8205C10E0FA6872B1B8F10F0F0BD8AF
:103D800008F1280107F1400008F1010201EB0008E9
:103D900008F8105C5FFA82F87A6A023301327A62BC
:103DA0005BE73A69002AD7D1B8F10F0FF4D808F1D0
:103DB000280007F1400C08F1010208F102086044F4
:103DC0005FFA88F800F8101C07F1680151FA82F2D6
:103DD00002F8105CE0E7002156E700BFC354010879
:103DE000D8020024CA5401080400000118F80A305F
:103DF00054F823B087F84730D7F8943033B3D7F866
:103E00009830984522D2D7F8943033F818607A6BFE
:103E1000012107F14700FB6B984700281ADB0E4B86
:103E20000544BBF1000F08BF9B4626B95846FDF775
:103E300063FA461CB6B27A6B31465846FB6B98471C
:103E4000002807DB054408F1010850E70026DEE7FB
:103E5000354644E6054642E6C354010830B50446FB
:103E6000EFF31185102383F31288BFF36F8F044B98
:103E70000FCB84E80F0085F31188BFF36F8F30BD3F
:103E80004803002401281FB50C4605D004281DD086
:103E90006FF0150004B010BD0EF00DFC42F2107270
:103EA0000023FDF7FDF9104B5A43C4E90001A2605D
:103EB0006846FFF7D3FF694620460BF0DCFB18B9D4
:103EC0000A4B0FCB84E80F000020E3E70EF0F3FB72
:103ED00042F210720023FDF7E3F9034B5A43C4E9A1
:103EE0000001A260F0E700BFA0860100E8390108E8
:103EF00001287FB50D462CD18A68174B9A4228D8E5
:103F00000EF0D9FB42F210720023FDF7C9F94042CE
:103F1000124B61EB41015343CDE900016846029326
:103F200000F0ACF8294668460BF0A5FBEFF31186CC
:103F3000102383F31288BFF36F8F094D9DE80F00A4
:103F400085E80F0086F31188BFF36F8F002004B05F
:103F500070BD6FF01500FAE7FFC99A3B6079FEFF6C
:103F600048030024014B1860704700BF5001002433
:103F70002DE9F84340F26C73446905690646E11780
:103F8000E41805F10105C76841F10001022D07F1B0
:103F9000FF378CBF00230123E41A61F100010029DF
:103FA0004EDA6FF4C7704FF4C8720023201861F125
:103FB0000001FDF725F9254B4FF03C0E032D03FBC7
:103FC0000044024634BF09206FF00200D6E90083A6
:103FD000B66805444FEAE37C994699206346454319
:103FE0000520C6FB0E93A9FB0EC602350EFB036629
:103FF000A30840F26D1E1CEB080C0EFB043346EBCD
:10400000E8763B446427B4FBF7F4B5FBF0F51B1BE3
:104010000F4C2B44A2FB042004FB010198180D4A0D
:1040200041F1000380180C4A63F10003A0FB020178
:1040300002FB031110EB0C0041EB0601BDE8F88315
:104040004FF4C87200232046B3E700BF70FEFFFFA5
:10405000B13A02009405F5FF8051010010B5FFF759
:1040600087FF002402460B46034904F059F94450E7
:104070001046194610BD00BF0C0000001F4B70B564
:1040800082689A4215DD0133D0E9001692FBF3F302
:1040900001294FEAE37476F100051CDAC91844EBF4
:1040A0000604C0E90014164901FB032383600120C4
:1040B00070BD002AFBDA9B1A124ED0E90041B3FB17
:1040C000F6F3002910DA01F100459C4275F1000574
:1040D0000ADA0020ECE7CD439D426FF00045A5EBE6
:1040E0000605A541DADAF4E7E41A06FB032261F1DA
:1040F00000018260C0E90041D9E700BFFFC99A3BD7
:10410000003665C400CA9A3B08B500F0B7F80A4902
:1041100001220023416109490361C0E900220A60CC
:1041200007490A60074A1360074A1360074AC0E953
:104130000233136008BD00BF225B01087001002438
:104140006C010024280E0024240E0024200E0024DC
:104150002DE9F04781468846174600F08FF8C3687E
:1041600004461BB943691A78002A3ED10023E36054
:1041700063684B4558F8232008DB314B63612046C8
:1041800000F060F84FF0FF30BDE8F087511C61612E
:1041900092F800A0BAF12D0FEFD1951C6561567809
:1041A0002D2EA66004D1927872B901336360E4E7E2
:1041B00056B9234D5146384665610EF085FB0028FF
:1041C000DDD05646C4F808A0314638460EF07CFBD8
:1041D0003A2E00D070B92B7813B96368013363604D
:1041E000204600F02FF83F20CEE75D1C45611E7889
:1041F0008660E9E743783A2B0BD0002323612B78C4
:1042000013B9636801336360204600F01BF8A068AF
:10421000BAE72B780A4A33B963680133994563607A
:1042200004DD58F82350C4E90452EAE762612046ED
:104230003D783A2DD5D100F005F82846A4E700BF17
:10424000225B01080168084A084B11604168084A6E
:1042500011608168074A1160074AC16811600269EC
:104260001A6004F0E3BC00BF70010024200E00249B
:104270006C010024280E0024240E002400487047FE
:1042800054010024054B00205A6822F002025A60B3
:104290005A6822F001025A60704700BF0010005CAB
:1042A00008B5416805480C3183681B681BB1984705
:1042B00000EAE07008BD6FF05700F9E7FC2F010835
:1042C0000A2810B502D90024204610BD044B53F82B
:1042D000204020460EF002F80028F5D1F3E700BF99
:1042E000883F01084FF000530021034A43F8041BA4
:1042F0009342FBD1704700BF0000022008B504F0D4
:1043000043F804F013F80C4B0C4A1A600C4AD368BB
:1043100023F0070343F00203D3600A4B1A6841F20B
:104320000303B3EB124F06D1074AD2F8083143F02A
:104330000103C2F8083108BD3C0200240090D003FC
:10434000004802580010005C008000512DE9F04741
:10435000044607464FF00109DFF84C8094FAA4F5B3
:10436000B5FA85F509FA05F32E0108EB05156FEA94
:10437000030A24EA03042B7B63B158F806301B6957
:104380006BB946440322284607EA0A07736819688E
:104390000BF04CFD002CE1D13846BDE8F0872846F3
:1043A00098470028F6D1ECE74438010810B5002200
:1043B00088B00E490E480EF0C6F9002200230024F2
:1043C0000C490D480094CDE906230E234FF44072AA
:1043D000CDE90334CDE90144084B07F087FB0849D8
:1043E000054807F03DFA204608B010BD0544000816
:1043F0001808002480130024580300246147000893
:10440000B9560108014807F0CFB900BF34030024B2
:104410002DE9F047804620480F460BF0D7FC0646B2
:10442000002832D000252846BDE8F087237B83B1E1
:104430002368DB680BB120469847636883F80690D1
:1044400023681B69CBB963680322204619680BF007
:10445000EDFC013610345445E8D3B8F1000FE2D03A
:10446000002DDFD02846FFF771FF0546002FF7D05B
:10447000002164200EF0B7F8F2E7204698470028A4
:10448000E1D009FA06F31D43E3E7044C0546DFF8E3
:1044900010A04FF00109DEE7EC0E002444380108BB
:1044A00064380108014B53F8200070470C400108A4
:1044B00008B5034608462BB1044A136000F04AFDD4
:1044C000002008BD6FF01500FBE700BF7401002459
:1044D00010B5044C237813B9034807F065F901239C
:1044E000237010BD241300243403002410B50446A7
:1044F0000B480BF06BFC5CB10A4BBFF35B8F53E8CE
:10450000001F013943E80012002AF8D1BFF35B8F86
:10451000054808F0F7F80548BDE8104007F044B931
:10452000E40E0024E80E00241808002434030024BC
:10453000064B0022BFF35B8F53E8000F43E80021D6
:104540000029F9D1BFF35B8F704700BFE40E002450
:1045500070B5FFF7EDFF084C0546084EB44200D396
:1045600070BD63685B792BB123685B6813B1294622
:10457000204698471034F1E74438010864380108B0
:1045800010B5044C044920460BF0B3F9034B1C60F2
:1045900010BD00BF98020024F83F0108DC0E002483
:1045A00000230E4A4FF47A710D4810B513700D4A6E
:1045B00013600D4A1360FFF77BFFFFF7E1FF00F088
:1045C0007BF90A4B0A4918468B4200D310BD1A1AD0
:1045D0005C681033121101322271F5E725130024B3
:1045E000E7FD0008E40E0024E80E0024443801082A
:1045F0006438010801460022002301480BF09AB9F3
:104600009802002401480BF031BA00BF9802002440
:10461000024B014618680BF084BA00BFDC0E002480
:1046200001480BF0B9BA00BF98020024354B2DE9C0
:10463000F0411B78002B61D0FFF7E4FF044600280F
:1046400058D1314B314D1B68002B12DD0EF033F881
:104650000A220023FCF724FED5E90032C01A40F2FA
:10466000E93361EB0201984271F1000101D3FFF7D8
:104670006FFFD5E9003213F57A7342F10002C5E904
:104680000032002C3AD0BDE8F041FFF7C9BF6B689B
:104690005B793BB121784B0717D52B68214628461B
:1046A0001B68984710354545F1D32046FFF7B0FF0A
:1046B000174BBFF35B8F53E8001F013943E800122B
:1046C000002AF8D1BFF35B8FBBE726882046C1F3F1
:1046D000C20700F09FFAC6F382160246002EDCD015
:1046E0000028DADB01233946284600F08FF9B04272
:1046F000D8D3D2E7074DDFF82080D4E70020BDE80B
:10470000F08100BF24130024E40E002410080024CC
:10471000E80E0024443801086438010870B50D4DD6
:10472000297861B90C4C01200C4EFFF771FEB442A0
:1047300006D3FFF77BFF0028FBD101232B7070BD50
:1047400063685B791BB1236820469B6898471034E7
:10475000EDE700BF25130024443801086438010840
:1047600000212DE9F8430846FFF752FE044648B3FE
:104770004FF4FA784FF000091B4B03F0D1FD1B4AB0
:104780001B58136033B11A4B1B68092B02DD194803
:1047900007F00AF80025184F44B12046FFF7D6FD70
:1047A000044618B94FF0FF384FF0FF39FFF73EFFCE
:1047B000064628B9B5B90F4842464B4607F02AF8D5
:1047C0003546E9E74FF0FF384FF0FF39D4E72B6863
:1047D0009B691BB100222846114698471035BD42FF
:1047E000F5D3E8E7054DFAE708000000E00E0024E5
:1047F000E80E00243403002464380108443801081A
:1048000013B518480BF0E2FA174B1B7873B1EFF3AE
:104810001184102383F31288BFF36F8FFFF706FF15
:1048200084F31188BFF36F8F02B010BD0F4B1B686C
:10483000002BF9D050B9002200230D48CDE9002308
:1048400042F21072002307F037FFEDE70928EBD1A1
:10485000074807F057FF074802B0BDE8104006F0D0
:10486000A3BF00BFE80E002425130024E00E00249F
:104870001808002434030024064B10B504461B68B6
:1048800098472146A06004480BF0D1F8BDE81040DD
:10489000FFF7B6BF7401002498020024044A054BB8
:1048A0009B1AB1EBD30F34BF52F831000020704790
:1048B000AC37010844380108084B0021084A094870
:1048C0009B1ADB08994200D170470268013122F03F
:1048D000070242F0030240F8042BF3E744380108D2
:1048E000AC370108D4020024F8B50B4F06460B4B39
:1048F0000024DB1BDD08AC4203D14FF0FF3420461F
:10490000F8BD57F8340020B13146FCF7E3FC00282D
:10491000F5D00134EFE700BFAC3701084438010897
:1049200000282DE9F047884615461F461DDADFF8B6
:1049300098904FF0000A254E5446A6EB090636091A
:10494000B24509F1100902D12046BDE8F08759F8B7
:104950000C0C3B462A46414600790AF1010AFFF752
:10496000DFFF844238BF0446EAE7194B194AD21ADE
:10497000B5EBD20F25D203EBC5031C79BC4228BF8F
:104980003C46C0B20722144E002100EB400056F80E
:104990002530824023EA020304F0070282401343D9
:1049A000032223FA02F0033200F00700814238BFED
:1049B00001461E2AF5D123F007030B4346F82530A4
:1049C000C2E70024DDE700BF44380108643801086D
:1049D000AC37010844380108D4020024F8B5094D69
:1049E0000646094B0F460024ED1AED08AC4200D3F1
:1049F000F8BD22B201343B4600213046A4B20BF090
:104A00000DFAF3E744380108AC37010870B141688A
:104A1000097973B1002A17DBCBB20C4903EB4303CE
:104A200051F82200D84000F0070070474FF0FF31E6
:104A3000EFE707490748401AB2EBD00F3ABF01EB46
:104A4000C20108791846704704207047D402002438
:104A5000AC370108443801082DE9F04F8FB0C1F39D
:104A60004A260D46904604AF0C0DB8607B60002EC0
:104A700065D04FF000090A234FF0040B07F1140A28
:104A8000FE604A46C7F824904046C7E9079900935C
:104A900007F11C03CDF808B0CDF804A0F968FEF7C3
:104AA000EFFFB0F5006F034620D32948036813F0E9
:104AB000060F17D06C468AB0D8F8041004AB254D09
:104AC0001A46C3E9055140F2FF71D9614FF40071F4
:104AD0001984214B42F8103F4FF412514B46FFF717
:104AE000BBFFA5462C37BD46BDE8F08FC0F30A06D4
:104AF00004F117003B60184466F3532520F00700CB
:104B00008008FFF777FD044680B13B6800F1100193
:104B1000124A4046F961C7E908390A23009307F1B0
:104B20001C03CDE901ABF968FEF7AAFF66F3532534
:104B30007B68B96820462A460BF0ACF9D2E704F14D
:104B4000170020F007008008FFF754FD0446EDE74A
:104B5000E4020024CE5601080400000167FE0008AC
:104B60002DE9F04F87B00546884614469946DDE9A1
:104B7000127ADDE9106BDFB110213B465A46002066
:104B8000CDF800A0CDF814A00AF07EFBB0F5006FC0
:104B900001460FD31D48036813F0060F32D040F2D0
:104BA000FF731B4A022107B0BDE8F04F0BF0CBB9F1
:104BB0003946384604F0070305F00704E40044EAE8
:104BC000831444EA402444EA065406F11700039192
:104BD000084420F007008008FFF70CFD054640B1AF
:104BE0003FB13B465A4603991030CDF800A00AF079
:104BF0004BFB4B4622464146284607B0BDE8F04FE6
:104C00000BF048B907B0BDE8F08F00BFE402002404
:104C10000D570108406820B1034BC01A40F38F00C4
:104C200070474FF0FF307047D40200240EB403B534
:104C300003AB0146054853F8042B019303F04AFDEA
:104C400002B05DF804EB03B0704700BFA9FF000895
:104C5000CA0605D48B064CBF02490349FFF7E6BFDD
:104C6000704700BF215B0108455701082DE9F04F4F
:104C70008BB0994604460D46179B9DF858800793C4
:104C80001A9F0692DDE918A30593B8F1000F00F012
:104C9000BF80844B07F0020B13F80830089307F429
:104CA000807309930BF0B8F8024600287DD07E4946
:104CB0002046FFF7BBFF0646BBF1000F08D017F0F8
:104CC000440F74D12A4679492046FFF7AFFF0644C6
:104CD00007F0010353B1764B2046764953F828205C
:104CE000754B002A08BF1A46FFF7A0FF07F4807330
:104CF000002B07F0080318BF4FF00009002B00F04D
:104D000082806E4B20466E4953F82820FFF78EFFB5
:104D10000546069B2BB11A466A492046FFF786FFD7
:104D20000544B9F1000F0DD0089B002B6ED06649E9
:104D3000664BB8F1040F18BF19464A462046FFF7E4
:104D400075FF054435446248079B1BB12246614903
:104D50000AF043FC059B002B00F09080DDF81490D6
:104D6000002639462046B9F1100F28BF4FF0100930
:104D7000FFF76EFFB54252DC002633461AF80320D7
:104D800020465549FFF752FF0136102E4DD07107CE
:104D900003D152492046FFF749FF4E453346EDD334
:104DA0004F492046FFF742FFEEE7064684E74D4BAA
:104DB000186800288BD04C4B4FF47A7B4FF03C0C9A
:104DC0001B68B5FBF3F5B5FBF0F100FB11554FF493
:104DD00061630BFB05F5B1FBF3F2B5FBF0FE03FBE2
:104DE000121100FB1E55B1FBFCF30BFB05F50CFB90
:104DF0001311B5FBF0F5009120463C49CDE901E5E2
:104E0000FFF714FF63E707F0080582E72F4994E7EF
:104E1000B9F1010F45460CBF2D48354894E72F499D
:104E200020460136FFF702FFA4E70026314920465D
:104E3000FFF7FCFE33461AF8032020462E49A2F164
:104E400020035F2B28BF2E22FFF7F0FE0136102E25
:104E50000DD0720703D121492046FFF7E7FEB14587
:104E60003346E8D81D492046FFF7E0FEEEE7059BF4
:104E7000CA44B3EB090305937FF470AFB8F1000F98
:104E80000AD0FB0704D50C4A20460A49FFF7CEFE9C
:104E900039462046FFF7DCFE20460BB0BDE8F04F58
:104EA0000BF075B88D7901083A650108565701086D
:104EB0001C400108D25D0108485701083040010834
:104EC0007C570108825701084D57010851570108C6
:104ED000A9FF0008D5860008865701088E570108EB
:104EE0008C570108F40E0024F00E002460570108CE
:104EF000DFFF0008905701081E65010842F20F739A
:104F0000114A8B4273B5044628BF0B46056805213C
:104F1000684607F0FBFC636806460B2228465B6880
:104F20000A490BF026F863683246694628465B68F2
:104F30000BF01FF863681B2205495B6828460BF0DD
:104F400018F802B070BD00BFBF6B0108817901087D
:104F50006579010800210123064A904206D8064AD5
:104F600001B901231360054B186070474008012107
:104F70005B00F2E740420F00F00E0024F40E002424
:104F8000F8B50D4604464618054FB44201D12846EF
:104F9000F8BD14F8011BBB6801485B689847F4E74B
:104FA000DC310108014B03600120704778400108A3
:104FB00010B5044606F078F9034A03460821204656
:104FC0000BF0ACFA002010BDF357010837B51346BB
:104FD000002205460A21019201AA586801F09EFEAE
:104FE000019C4CB920EAE0700A21A0FB01010DF000
:104FF000FAFA204603B030BD2346034A0121284671
:105000000BF08CFA019CF4E71F58010808B5034A1D
:105010000821034B0BF082FA002008BD1659010845
:105020000F590108F7B517460023054601AA0A21C2
:10503000B868019301F072FE194AC6B203212846EE
:105040000BF06CFA019C4CB12346164A012128460C
:105050000BF064FA019C204603B0F0BD042E0AD97F
:105060003346114A012128460BF058FA28460124FC
:105070000BF08AFAEFE77868FFF736FC021E08DAD1
:105080007B680121094A28466FF015040BF046FAA7
:10509000E1E7334612B2214620460AF0BFFEDAE7C6
:1050A00041590108A7590108CE590108E5590108DD
:1050B000002307B50090694604488DF8043007F0D6
:1050C0009BF89DF8040003B05DF804FBDB000108C9
:1050D00038B50446EFF31185102383F31288BFF32C
:1050E0006F8F06F0C9F8034685F31188BFF36F8F01
:1050F000074A204608210BF011FA064A20460821EB
:105100000BF00CFA2146044807F090F8002038BD57
:10511000445A0108635A01081D51000870B58EB049
:1051200004460D46D0F8A0600DF06EF9264B0246FD
:1051300003F0F6F819582846244B002A18BF1346E6
:10514000234ACDE90043234B8C4218BF1346224A21
:1051500008210BF0E3F928460821D4E90823CDE91A
:10516000022394F90E301D4A0093A3890BF0D6F95F
:1051700006A92022204606F089FBA26E03460821DC
:1051800000922846164A0BF0C9F905A920460DF0F1
:1051900049F9034630B1134A082128460BF0BEF9FD
:1051A0000EB070BD059A64232846B11A4B43B3FB79
:1051B000F6F3CDE90021CDE902630B4A334608211D
:1051C0000BF0ACF9ECE700BF080000006D5A0108D5
:1051D0008E5701083A6F0108705A01087C5A01087D
:1051E000A85A0108BF5A0108EC5A010830B593B01B
:1051F0000446202200210AAD28460DF04DFB1A225C
:10520000202128460DF048FB2146114807F00EF8F2
:1052100009AA4FF400610F480DF0F8F8099A6423C9
:105220000195C2F50061002520464B430095DB0A3D
:1052300006934FF40063CDE90413CDE90232054B28
:105240000821054A403B0BF069F9284613B030BDF0
:105250005D520008401F00243D5B0108F0B5044684
:1052600089B00D46D0F8A06007A90DF0DBF8034621
:1052700030B1104A082128460BF050F909B0F0BDB2
:1052800020460D4F0DF0C0F8079A6423002818BF80
:105290000746B11A28464B43B3FBF6F3CDE902218A
:1052A000CDE90463054A23460821CDE900760BF0D9
:1052B00035F9E3E7BF5A01086D5A0108865B01081A
:1052C00038B51346054610220021586807F036FD10
:1052D0000446FFF7EDFE40B923460F4A0121284658
:1052E0000BF01CF96FF0150038BD0C4B03F018F8EB
:1052F0001B589C4205D10A4A012128460BF00EF9A1
:10530000F0E7204606F090FB28462346054A082190
:105310000BF004F90020E7E7EA5B01080800000051
:10532000055C01082D5C010838B5134605461022BE
:105330000021586807F002FD0446FFF7B9FE40B9A6
:1053400023460F4A012128460BF0E8F86FF01500BC
:1053500038BD0C4B02F0E4FF1B589C4205D10A4AB1
:10536000012128460BF0DAF8F0E7204606F07CFB36
:1053700028462346054A08210BF0D0F80020E7E72D
:10538000EA5B0108080000006C5C0108925C0108FF
:1053900038B51346054610220021586807F0CEFCA8
:1053A0000446FFF785FE40B923460F4A01212846EF
:1053B0000BF0B4F86FF0150038BD0C4B02F0B0FFE5
:1053C0001B589C4205D10A4A012128460BF0A6F839
:1053D000F0E7204602F03EFF28462346054A082112
:1053E0000BF09CF80020E7E7EA5B010808000000EA
:1053F000CD5C0108F25C010810B50C4600210BF0F1
:105400002CFB00B100680023024A2060E360C4E97D
:10541000012310BD125E010810B50C4600210BF0EF
:1054200020FB00B100680023024A2060E360C4E969
:10543000012310BD125E010873B50546506814467D
:105440000BF013FB064650B963686FF01204114A63
:10545000012128460BF062F8204602B070BD0CF026
:105460003DFF38B163680C4A0221284600240BF046
:1054700055F8F1E730460CF028FF6368044630B178
:1054800000900121054A28460BF048F8E4E7044A59
:10549000EAE700BF2A5D01083F5D0108615D010880
:1054A0008E5D01082DE9F04F8FB004468846914685
:1054B00001A805F085FF019F2D4A082107EB401741
:1054C00020460BF02BF8019EBE4203D300200FB004
:1054D000BDE8F08F35680DB12B7833B902AD334696
:1054E000244A302102A807F011FAB8F1020F07D1BF
:1054F000D9F8041028460DF025FA08B92036E3E75C
:105500002B461D4A082120460BF008F830460CF0C7
:10551000E5FE1A4A1A4B0821002808BF1346194A0B
:1055200020460AF0FBFFF369002BE7D01D68002D31
:10553000E4D02B68002BE1D0AB464FF0000A124AB2
:10554000082120460AF0EAFF2B68534505D80F4A88
:10555000082120460AF0E2FFD0E75BF8043F08216B
:105560000B4A20460AF1010A0AF0D8FFECE700BF17
:10557000C15D0108CB5D0108D05D0108B85D01087F
:10558000B25D0108385D0108D55D0108215B0108A5
:10559000D15D0108F7B5137806460F4615463A2B3C
:1055A00014D1541C23783A2B29D101340A2201A9A1
:1055B000204607F04FFB019A03463860A24218D0FC
:1055C0001078B0B93C2B16D9164A0EE00A2201A970
:1055D000284607F03FFB019CB860AC4209D0237815
:1055E0003A2B06D1172808D90F4A012130460AF074
:1055F00095FF6FF0150003B0F0BD0134D2E70A2229
:1056000001A9204607F026FB019B7860A342F0D059
:105610001A783A2AEDD13B2801D9044AE5E75C1C07
:10562000C4E700BF7A5E01085C5E01086A5E01089B
:105630002DE9F04196B00D460446012008A9174611
:10564000FEF720FC0DA908A807F0B2F8032D57D1EA
:105650007D680A2207A9284607F0FCFA079E8046C3
:10566000B54216D032782D2A13D101360A2207A965
:10567000304607F0EFFA079B9E420AD01A782D2A8F
:1056800007D1451E0B2D0DD9314A012120460AF0C4
:1056900045FF20460AF078FF6FF01505284616B042
:1056A000BDE8F0815E1C0A2207A9304607F0D2FA55
:1056B000079B9E42EDD01B78002BEAD1431E1E2B88
:1056C00001D9244AE1E7A8F26C73BA681090CDE9D9
:1056D00011530DA92046FFF75DFF0028D9D10DA871
:1056E000FEF7BCFCB1F1FF3F08BFB0F1FF3FCDE9D1
:1056F000080109D1184A012120460AF00FFFCBE723
:10570000022DC6D17A68E4E700230A93012008A994
:10571000FEF7EEFB054630B10346104A0121204654
:105720000AF0FCFEB8E70D9B08210D4A20460493C1
:105730000E9B03930F9B0293109B0193119B0133CC
:105740000093129B03F26C730AF0E8FEA6E700BF19
:105750008A5E0108995E0108A65E0108CF5E010815
:10576000E65E010810B594B00446012006A9FEF7D4
:1057700089FB0BA906A807F01BF80B9B20460A4AD9
:10578000049308210C9B03930D9B02930E9B0193A2
:105790000F9B01330093109B03F26C730AF0BEFE63
:1057A000002014B010BD00BFE65E01082DE9F341F2
:1057B00014468846074610220021606807F0BEFAAA
:1057C000B8F1020F064620D90A220021A06807F08E
:1057D000B5FAC5B22B46234A082138460AF09EFE88
:1057E000B8F1030F22D8102D11D0202D12D0082D82
:1057F00012D13378DBB2002208213846CDE90032DD
:10580000194A0AF08BFE00200DE02025E2E73388DC
:105810009BB2F0E73368EEE73846144A08210AF0F5
:105820007DFE6FF0150002B0BDE8F0811022E06847
:10583000002107F0E9FA0E4A0446CDE900010821EB
:1058400038460AF06BFE102D06D0202D07D0082D0B
:10585000E2D1E4B23470D6E7A4B23480D3E7346046
:10586000D1E700BF355F0108605F01084A5F0108AA
:10587000735F01082DE9F047002386B04FF0FF3534
:10588000914601930122524B20262C46074688461A
:105890001A60FEF739FC4F4A49464046FEF758FC6D
:1058A000431C07D1691C43D14B4A012138460AF0F9
:1058B00035FE18E073281BD0772829D0612812D133
:1058C000DFF818A101AA1021DAF8000001F026FA89
:1058D000019B0546002BDED0DAF80030404A01215A
:1058E00038460AF01BFE6FF0150006B0BDE8F087E1
:1058F000DFF8E8A001AA0021DAF8000001F00EFAB2
:10590000019B0446002BC6D0DAF80030354AE6E7A2
:10591000DFF8C8A001AA0021DAF8000001F0FEF9C2
:10592000019B0646002BB6D0DAF800302E4AD6E7A7
:10593000621C01D12D4AB8E75FFA86F8C6F3C406A7
:10594000A8F10803DBB2182B04D8294A22FA03F382
:10595000DB0722D44346274A0821C1E7B8F1100FDC
:1059600022D0B8F1200F25D0B8F1080F01D10A7864
:105970001A70314433444218102AEFD9102CA14632
:10598000294605F1100528BF4FF0100902AA384634
:10599000A4EB09044B4601F0E9F9B4B1A642EDD8F5
:1059A00002AB2946701BE6E70A8892B21A70120A07
:1059B0005A70DEE70A68C2F3072C1A70120C83F8DB
:1059C00001C09A70120ADA70D3E720468DE700BF53
:1059D0006C010024C35F0108CA5F0108200E002487
:1059E000895F01089C5F0108AF5F0108E75F01085C
:1059F000010100010160010870B50F4E04460D461B
:105A0000337831B12BB10D4A0121BDE870400AF065
:105A100085BD83F00103337033B1094A0821204664
:105A20000AF07CFD01233370294620460022BDE8A0
:105A300070400AF0C3BD00BF271300241B6001089B
:105A4000566001082DE9F04105460C468F18DFF835
:105A5000DC80374EBC4201D1BDE8F08198F80020CF
:105A600014F8013B182A23D1112B21D1314C0026E7
:105A7000314A08212368284688F800600AF04EFD64
:105A800028463146FFF7B8FF2C4B18780028E3D1A1
:105A90002B4A23681168042B2EDC08B123601160A7
:105AA00013F003012FD1126813681BBA1360D3E7F8
:105AB000A3F1300288F80030092A04D923F020022B
:105AC000413A052A04D831681E4A535401313160E5
:105AD0003368022BBED1102200211A4807F02EF99C
:105AE000194A136803F8010B1360124A1368013353
:105AF000136000233360ADE70868043B00BA41F847
:105B0000040B0120C7E75B4203F0030358BF59426F
:105B1000022904D1126813685BBA9BB2C6E7032955
:105B20009AD1126813681BBA1B0ABFE72813002416
:105B30001C0F0024200F002480600108291300247A
:105B4000240F00242A130024280F00242DE9F843F1
:105B500000230D4627498046274E17460B602749EC
:105B600033700B60012DB94657F8044F1DD902223E
:105B7000234920460CF0B5FE70B9A378003B18BF4E
:105B800001231C4402221F4920460CF0AAFE28B91A
:105B900001233370013DE5E70023F2E71849204671
:105BA000FBF798FBC0B909F104090022D9F80400F9
:105BB000114607F0C3F80022134B11461860D9F8BC
:105BC000040007F0BBF8114B114918604046FFF77D
:105BD00013FF0020BDE8F88323782D2BE5D16378EF
:105BE000002BE2D023460B4A082140460AF096FCDF
:105BF000D0E700BF1C0F002429130024200F00242D
:105C00009A6001089D600108280F0024240F0024D9
:105C1000455A0008A060010807B509480CF05EFB72
:105C200058B104233A22064900930123054800F0A5
:105C30008DFF002003B05DF804FB6FF01200F9E760
:105C4000DC3101086438010810B54468A360C4E978
:105C5000001242684021134653F8404B516302F151
:105C6000380153620023C2E9041308211363C2F808
:105C7000B8301162C2E90A33C2E90633A36823B11E
:105C80009B6C13B1044920469847A3689B6A0BB1EB
:105C900020469847002010BD9D5C00082DE9F74F75
:105CA000836805460C465B6C03B19847AB685B6B39
:105CB000002B35D14FF0000804F12409DFF820A1B2
:105CC000218E04F1280B238D4846626B5B1A5946DE
:105CD0009BB2D31A934228BF134601AA09F074FF5E
:105CE000074600284CD0AB6801999B69002B42D035
:105CF0000246284698470646002818BF48F0010883
:105D000032465946484609F095FF0EB1BE42D7D0FB
:105D1000B8F1000F08D00020D4E90131984703E022
:105D2000284698470028C5D1AB685B6A002B3CD158
:105D3000628B04F11007E38A04F11A0838469B1AB3
:105D4000226A41469BB2934228BF134601AA09F03A
:105D50003BFF064680BB28460AF0D5F904F1B8039C
:105D6000BFF35B8F53E8002F43E800610029F9D1AE
:105D7000BFF35B8F2CE06FF057064FF00108BFE7D1
:105D8000DAF8003013F0060F04D0164A022150460C
:105D90000AF0D0F8AB689B69002BB9D001220DF155
:105DA0000301284698470646AFE72846984700284B
:105DB000BED103B0BDE8F08FAB6801995B6963B1F8
:105DC00002462846984702464146384609F032FFC7
:105DD0000120D4E901319847EBE76FF05702F3E770
:105DE000040300240762010810B5816804461C31D1
:105DF00001F04CFBA1682046024A1C31BDE810406E
:105E000001F0E4BA496201082DE9F341064614465F
:105E1000D0F808800F4621B9A8F8441002B0BDE8B8
:105E2000F08118480AF002FAB8F83E5004442D1ADE
:105E30003846A4B20AF0FAF9B8F8443095FBF4F504
:105E40005A1CADB2241AA8F84420A4B2B3FBF5F250
:105E500005FB12339BB26BB90A4B06210A4A304646
:105E600000970AF0F0FF2146304602B0BDE8F0414D
:105E700001F000B83B46054A062130460AF0E3FF30
:105E8000F1E700BF8D57010857620108D25D010894
:105E90008368D3F880329B0603D5024940690AF033
:105EA0009AB97047103A010810B504460AF0D8F9BB
:105EB0000146A3689B6C0BB120469847A36800225B
:105EC00002F02EFAC3F8A422014B185802F0C2F9CE
:105ED0000800000001490AF07EB900BF215B0108FB
:105EE0002DE9F04FA7B004461422002107A80CF0BA
:105EF000D3FC5422002111A80CF0CEFC0023204634
:105F0000CDE90533A368603302930AF0C8FE20464A
:105F10000AF00CFE10B96069FFF7DCFFA0681422DC
:105F2000002100261C304FF0FF380CF0B5FC204655
:105F30000AF059FDA168E068B246B1F8582011AFE7
:105F40006031B3463546B1460BF037FA20460BF0C8
:105F500098FA0396DDE90532012A6BD0132B6CD831
:105F6000B8F1000F2AD1BBF1000F0AD020460BF088
:105F7000A9FAA268142311A960320DEB03000AF0FC
:105F8000CFFBB9F1000F0CD099F81130FE2B08D1DE
:105F9000059B26AA02EB830252F8542C0AB1013366
:105FA0000593A068836A002B40F0B580C6B1036AF0
:105FB000B3422BD000F11C050D9622E00223029A79
:105FC000394606A80AF0ACFB7A68069903460292A5
:105FD00031B101290AD148B1694A20460AF033FF9C
:105FE0006FF00705284627B0BDE8F08F059B002B12
:105FF00032D0386801F07AFA98B166B1A5680D968A
:106000001C350CAE0FCE0FC533682B602046012522
:10601000FFF7EAFEE6E75B4A012120460AF013FF9C
:10602000DEE7059BC3B13A682946204601F00CFC27
:10603000022809D1059B132B95D9069B022B92D1DF
:10604000514B0121514AC8E7032805D0059B4FF069
:10605000010B013305937DE7039B2BB907AA396830
:1060600048460AF033FC0546043708F1FF38A5B36B
:10607000EB68BBF1000F08D0FBB120460AF00FFE21
:1060800020460AF06AFD424AC6E7B3B1A368AE46AD
:10609000DDF814A003F11C0CBEE80F00ACE80F0003
:1060A000DEF80030CCF80030AB6833B96B7CFE2BE7
:1060B00004BF95F8108008F1FF38D5F804C0BCF192
:1060C000000F08D0AE460CAEBEE80F000FC6DEF8DB
:1060D000003033606646A94603E0059B63B10123A7
:1060E0000393B8F1000F03D1069B022B7FF432AF6C
:1060F000059B013305932DE7A3681B6B13B1DB6888
:10610000002BECD1234B0121234A20460093119B05
:106110000AF099FEE3E7059D90F82C30A5EB0A05FF
:10612000BBB190F82D104FF6FF72FF2918BF0A4639
:106130009D4202D313449D420BD9C3690121174AE2
:1061400020460AF080FE20466FF01505FFF74CFE52
:1061500048E701210AF0AAF8A0680AF09BF8A368B2
:1061600011AA29469B6A204602EB8A0298470546F7
:10617000A0680AF093F80021A0680AF097F831E7C8
:106180005D62010871620108D2620108005A0108CB
:106190008F620108BE62010899650108F662010874
:1061A00070B5836804469E7D012E3AD1A368D3F86A
:1061B00080329A0603D51F4960690AF00CF8204620
:1061C000FFF766FEE0690AF074FF012E05462CD148
:1061D000A368D3F880329B0603D51749606909F09C
:1061E000FAFFA3689B6923B1144A082120460AF0EC
:1061F0002AFE204600F054FE20460AF0BDFCA368AB
:10620000B3F858301BB1962000210CF0ECF93DB1E9
:10621000A068012100F522700AF018F80028C3D008
:1062200070BD20460AF066FDCCE7204600F0BCFFBA
:10623000E5E700BF153A0108193A0108D25D0108E7
:1062400010B50222836804461A758368DB6CBBB9FB
:1062500009F0B6FF8368D3F88432DB040BD5032141
:10626000084B094A0AF0EFFDA0686FF4805100F571
:10627000217009F0CCFF2046BDE8104000F094BF2B
:1062800010BD00BF11630108D25D01082DE9F04F78
:106290000023ADB004460593A3686068DE6C026815
:1062A00015692EB31F6D102205AB17A9A84700284A
:1062B0001BDB059BCBB10121A06809F0F7FFA068AB
:1062C00009F0E8FF3B46059A17A92046B047A068A9
:1062D00009F0E4FF0021A06809F0E8FFA368DB6C87
:1062E000002BD9D12046FFF7ABFF2DB0BDE8F08FD2
:1062F00005AB01220DF11301A8470028F5DB059B32
:10630000002BF2D09DF913109DF813300029A268DC
:10631000C2DB517D032900F2B683DFE811F00400EF
:1063200037034E03B4030D2BD2F8841241D00A2B4D
:106330003FD021F0FF01092BC2F884126BD028D87E
:10634000002B00F02B81082B00F09A82A268D2F873
:1063500080128F0740F12281013B162B00F21E8133
:10636000DFE813F07A03AD02B102A9027403CA0296
:106370001C011C011C011C01CE02D2021C01E702FF
:106380001C01EC021C011C011C01EE02FE021C019E
:106390000C031B2B3BD07F2B00F07F82A3F120024C
:1063A0005E2AD3D80121A06809F08BFF9DF8131055
:1063B00015E1C9B221B1D2F88412C9B28B42C5D15C
:1063C000D2F8841263F30701C2F88412A568AB7D8A
:1063D000012B06D16069FFF77DFDA36802229A7543
:1063E00083E7B5F8581061B9284609F06AFFE068FC
:1063F0000AF0B5FF6069FFF76DFD2046FFF720FF4B
:106400004AE72046FFF76CFDC5F8A802F5E7A36848
:1064100001225A75C2E0A068D0F880329E07C3F30B
:10642000400940F1BB80012109F04BFFA068857D48
:10643000002D40F0B380B0F85830FF2B00F0AE8054
:10644000B0F85A2000F1600100F5B0700CF0FDF9D1
:10645000A368B3F85A20134483F86051A068B0F8D9
:106460005A5055B1054495F85F50202D00F08880B2
:10647000093D042D8CBF0025012500F5B0700246B2
:10648000137811460132DBB1202BF9D0093B042BE4
:10649000F6D98DB90A4611F8013B13F0DF0F02D08F
:1064A000093B042BF6D8013A12F8013F43B1202BE7
:1064B000FAD0093B042BF7D94FF480710AF032FA75
:1064C000A26817A9142307A802F5B0720AF028F9E8
:1064D0000799142962D82CAB002203EB810343F8FF
:1064E000542C19B1002D4ED101294BD10025069510
:1064F000069E002E40F0FA80DDF85CA0B0463746DC
:10650000504609F093FE314603904B1C12AA2846D0
:10651000029300F0C3FB0146002843D1012E62D153
:106520002CAA069B384602EB830353F8546C09F0FF
:106530007DFE0546304609F079FE854205D02A1ACF
:10654000391892B220460AF0C5FCA068B0F85A305B
:10655000034493F86030202B3BD0093B042B38D9FF
:10656000D0F88032DD0739D5002109F003FF202162
:10657000204600F0E1FD0121A06809F0FBFE0DE0DE
:1065800001257AE70139002008AB17AA009306AB72
:1065900001900AF0CAF905460028A9D160690AF0FD
:1065A00018F879E6D1F800B05146039A584609F038
:1065B00043FE60B15846FAF79FFE404538BF40465B
:1065C000002E18BFBB4601361FFA80F85F460299BD
:1065D0009BE7012120460AF0F4FADFE7202120465C
:1065E00000F0AAFDDAE70290D8D92CAA069B02EBAC
:1065F000830353F854AC504609F018FEA36802997F
:106600000646A3F8441012AA284601F1010B00F037
:1066100045FB074648BB60694FF6FF76FFF75AFC1B
:10662000204600F0C1FD2CAA069B02EB830353F821
:1066300054BC584609F0FAFD394680464B1C12AA54
:106640002846029300F02AFB8246E0B94FF6FF731A
:106650009E42A3D0002EA1D0A6EB080207EB0801B2
:1066600092B220460AF036FC98E73F68324651461F
:10667000384609F0E1FD20B1424639462046FFF791
:10668000C3FB5946BFE7DAF8003042465946184680
:10669000039309F0D1FD88B1A068039BB9F1000F05
:1066A0000ED01946FF2200F5B0704FF000090CF033
:1066B0002AF9A36883F85F92DAF800700299BDE7BF
:1066C00000F25F104A4610F801CF995C614500D195
:1066D00011B9904505D9F1E701324FF6FF718A42B1
:1066E000F1D1B242A8BF324696B2E7E72CAB03EB3A
:1066F000860656F854BC00265846B14609F096FD69
:1067000037468246B04612AA4146284600F0C6FAED
:106710000346D8B9012E31D12CAA069B02EB830384
:1067200053F8540C09F082FDA268064639461C3223
:10673000284600F0B3FA0568284609F077FD86423E
:106740003FF403AF821BA91992B2FBE61B685246C5
:1067500059461846029309F06FFD60B1029B184636
:10676000FAF7CAFD484538BF4846002E08BF4746DD
:1067700001361FFA80F908F10108C4E703907FF69B
:106780000DAF2CAB069AB046BB4603EB820252F823
:1067900054AC504609F04AFDA268039B0290A2F84F
:1067A0004430A268594628460BF1010B1C3200F018
:1067B00075FA0368BAF1000F09D043B11846029A7E
:1067C0005146039309F038FD039B0028E9D04A465F
:1067D00019462046FFF718FBB8F10108E1D16069BE
:1067E00007F10109FFF776FB204600F0DDFC2CAA3B
:1067F000069B02EB830353F8540C09F017FD39464E
:106800000DAA8046284600F049FA0746A068FF22F4
:10681000396800F5B0700CF076F83B684FF6FF77FA
:106820000293BA4612AA4946284609F1010B00F024
:1068300035FAE0B1A1680022036801F25F1111F896
:1068400001EF985C704503D110B101325245F6D189
:10685000B8F1000F01D0424507DBBA4206F1FF361E
:10686000A8BF3A46012E97B201D0D946DAE7002FE9
:106870003FF494AEA7EB0802029992B24144F0E6CD
:10688000A068D0F8803299077FF588AE012109F021
:1068900018FD20460AF03FFB80E6A068D0F8803261
:1068A0009A077FF57BAE012109F00BFDA368D3F8B1
:1068B00080321B07EDD420460AF00EFB6EE6204620
:1068C0000AF0F6F96AE620460AF0E9F920460AF0ED
:1068D0002DF910B96069FFF7FDFA0121A06809F0F0
:1068E000F0FCA3689A7D012A02D103229A7555E62D
:1068F0002046FFF7A5FC51E620460AF0E2F94DE6F6
:1069000020460AF0E9F949E6D2F880329E0603D51E
:106910005E49606909F05FFCA368D3F880329D0688
:1069200003D55B49606909F056FC204600F03CFC49
:1069300034E60021204609F0CFFC2FE60121F9E7DB
:10694000E06983681B79012B02D10AF070FB25E610
:10695000022B7FF423AE526D21460AF051FB1DE657
:1069600020460AF095F9204609F02AFC0121A0688A
:1069700009F0A7FC2046FFF78BFA0FE6204600F04F
:1069800009FB0121A06809F09CFC07E65B2B02D102
:106990000223537502E6D2F88022900706D5622BB7
:1069A00007D14FF0FF3120460AF033F9A3680022E7
:1069B0002FE5662BFAD10121F5E700215175A26878
:1069C000D2F8801289077FF567AC313B1B2B3FF66D
:1069D000E5AD01A151F823F0556A0008616A00088D
:1069E000756A0008496A00089D6500089D650008F1
:1069F0009D6500089D6500089D6500089D6500086F
:106A00009D6500089D6500089D6500089D6500085E
:106A10009D6500089D6500083D6900083369000810
:106A2000F9680008BF6800089D6500084D6A000805
:106A30009D650008596A00089D6500089D6500086D
:106A40009D650008656A00080323537520460AF017
:106A500026F9A3E50323537520460AF019F99DE5AD
:106A600003235375A068D0F8801201F0010181F072
:106A7000010182E503235375A368D3F880329B0795
:106A80007FF58CAD17E7002383E700BF1D3A0108AF
:106A9000223A0108D3B5044609F00EFD38BB4FF089
:106AA000FF364FF0FF37A06800F522700022072163
:106AB000CDE900670BF0C6FEA06809F0EFFB0D4AB8
:106AC0000421204609F065FC0B4A0121204609F00B
:106AD00060FC2046094A022109F05BFC60680368FB
:106AE0005B6903B19847A06809F0D4FBDBE702B00B
:106AF000D0BD00BFA95E000887040108A16100089D
:106B000010B504460C4A082109F008FD20460B4A3E
:106B1000082109F003FD2046094A082109F0FEFC7E
:106B20002046084A082109F0F9FC2046064A0021BF
:106B300000F04CFC002010BD556301089363010870
:106B4000F263010846640108E16401082DE9F0419F
:106B50000446806888B08846D0F8A46215461F466F
:106B6000002E6AD14FF42B7231460BF095FEA068CF
:106B700000F522700BF05AFEA06800F52570012286
:106B800066F3820511460BF02DFCA3694FF40071EA
:106B90001E60A06800F5217009F02AFBA36850224E
:106BA0002046DA871822A3689A87216809F0C5FC75
:106BB000A368234A4146C3F88052606803681D6891
:106BC0002346A8470546B8B9A36801221A75A068EC
:106BD00000F52170A7B14FF4804109F009FBA368CB
:106BE00000210E9A5A65606803689B6898470546BD
:106BF00058B1204609F034FB284608B0BDE8F081C2
:106C00006FF4804109F003FBE9E7D4E90A010022AF
:106C100000230495CDE906230E234FF40062CDE94D
:106C20000253CDE90045074B04F060FFA368C3F8A9
:106C3000A402616A04F014FEDEE76FF07705DBE77B
:106C400073040108956A000810B5044613460A4605
:106C50000146064801F03EFD23691B7923B1204619
:106C6000BDE8104009F0B5BC10BD00BFEB05010840
:106C700010B504460B4602460649074808F0ADFC2D
:106C800023691B7923B12046BDE8104009F0A1BC5F
:106C900010BD00BFD5860008EB05010810B50B46F6
:106CA000144648B91749184A521AB3EB920F05D245
:106CB00051F82340204610BD82680AB90024F9E744
:106CC00012498A420FD312498A420CD2A27C214631
:106CD00022F00302A2748268184612689047236863
:106CE000002BE7D1EAE70B498A4202D30A498A42DC
:106CF00005D3126814214B43D418D358F0E701335D
:106D0000F8E700BF94380108C4380108DC390108ED
:106D1000E4390108C4380108DC390108F7B5037803
:106D2000044615462D2B05D16FF0150300202B606E
:106D300003B0F0BD00230C4F01F0F2FA0646C35138
:106D40000A46204601A905F0F9FFF359222B02D18A
:106D50006FF02103EAE7002BE6D1019BA342E3D0C9
:106D60001B78002BE4D0DFE70C000000F8B500250D
:106D700016461F46244A0B460821044609F0CEFB5E
:106D8000AF4210D9735D0821204A204609F0C6FBA6
:106D90000135102D0DD06A07F2D11D4A0821204679
:106DA00009F0BCFBECE71B4A0821204609F0B6FBC2
:106DB000EEE70025184A0821204609F0AFFBBD4246
:106DC00015D2735D08212046A3F120025F2A134AE1
:106DD00028BF2E2309F0A2FB0135102D0DD06B0723
:106DE000EDD10B4A0821204609F098FBE7E7084A55
:106DF0000821204609F092FBEEE72046084A0821C8
:106E0000BDE8F84009F08ABB106501088657010803
:106E10008E5701088C570108905701081E6501081C
:106E2000176501088368D3F880329B0603D50249B1
:106E3000406909F05CBE7047283A0108014909F031
:106E400056BE00BF215B01080A1E0DDC0ED0422396
:106E50008168D1F88012890608D5002A0449406962
:106E6000B8BF524209F043BE4123F1E7704700BF6B
:106E70001A6501080A1E0DDC0ED044238168D1F882
:106E80008012890608D5002A04494069B8BF5242D9
:106E900009F02DBE4323F1E7704700BF1A650108D2
:106EA0002DE9F0478468054604F16000FAF724FAFA
:106EB000002287B294F840809146E68FA6EB080640
:106EC000BE4209DB002F21DD60326869104922448F
:106ED000BDE8F04709F00BBE164460320D4934445A
:106EE00094F860A084F86090AB6868691A4409F06F
:106EF000FEFDAB683246334483F860A0AC68E38F94
:106F0000A3EB08034FF00008FF1AD6E7BDE8F087AF
:106F1000D25D0108005A010808290A4617D883687B
:106F200093F84210914212D083F84220082A8368D5
:106F3000D3F8803205D0990609D50549406909F092
:106F4000D6BD9B0603D50349406909F0D0BD704703
:106F5000216501082D3A010838B50D460978044627
:106F6000FFF7DAFF6A78072A11D8A36893F843106D
:106F700091420CD083F84320A368D3F880329B065B
:106F800005D560690249BDE8384009F0B0BD38BD9B
:106F90002A650108F8B583680446B3F85820002A2A
:106FA00055D0B3F85A10002951D05F3103F1600574
:106FB0000B441846A84206D3014611F80169202E59
:106FC0003CD0A8423CD286B2471C9DB2AB1B9BB2C0
:106FD000591CD21A014438460BF045FCA268711BBB
:106FE0002046B2F8583013FA81F309B2A2F85830AB
:106FF000A368B3F858201344002283F8602009F0F6
:10700000E0FDA368D3F880329A0603D51049606981
:1070100009F06DFD3B460F4A0821204609F013FF99
:107020002046FFF7FFFEA368D3F880329B060ED5FB
:1070300060690949BDE8F84009F059BD0846B9E75B
:10704000014611F80169202EBDD00846B9E7F8BD08
:10705000323A0108D25D0108363A01082DE9F047BD
:1070600004460F4690460AB1FFF7DCFEA668D6F844
:107070008032B6F85A505B0723D505F160003044E2
:10708000FAF73AF90546B5B9A368B3F85820A3F85A
:107090005A20A06809F038FD30B1B8F1000F00D0D7
:1070A00017B16069FFF7CAFE7942204609B2BDE810
:1070B000F04709F086BD1D49013D606909F017FDE3
:1070C000E1E73046AA46FAF717F9B6F85890F38F79
:1070D00019FA80F915FA80F0B0FBF3F2B9FBF3F37B
:1070E0009A421AD04845A368CEDADA8F451CB0FB25
:1070F000F2F302FB130313B96069FFF79FFEA36865
:107100000AF1010620460A4A53440821B24693F880
:10711000603009F098FE2846E4E76035054A08210A
:107120002046731909F08FFEAEE700BF3A6F0108E1
:107130001E650108D25D010813B5836804468DF809
:107140000710D3F88022D00725D5B3F85A10B3F82A
:1071500058208A421FD0481C9DF80720A3F85A00E7
:107160000B4483F86020A368D3F88012890710D5F8
:10717000D3F88032606913F0040F0A4918BF2A223D
:1071800009F0B5FC204609F0D1FC10B16069FFF7A9
:1071900055FE02B010BD01220DF10701204609F095
:1071A0005FFEF6E71E65010810B5836804469A7D08
:1071B0001AB9094A022109F046FEA368D3F88032C1
:1071C0009B0707D52046FFF76BFE2046BDE8104021
:1071D00009F0D2BC10BD00BFD25D01082DE9F84313
:1071E000436807460E461C68A268E369D2F88052DD
:1071F0009A68C5F300151279012A03D0032A41D0F9
:10720000BDE8F883D3F81480DA680B784046590754
:1072100057BF356800257388C5F34A2558BF05EB6D
:1072200013154FF00A0358BF1735A2FB03235CBFA9
:1072300025F00705AD08294608F07CFB814628B9F2
:1072400038460121BDE8F84309F09ABE012DF7D96F
:107250003146026851F8043BC3F39D0363F39F0278
:1072600040F8042B6A1E92000BF0EFFA40464946A4
:1072700008F0DDFBA06800F522700221BDE8F843AC
:107280000BF0D9BA2046D3F8049009F033FDA36877
:1072900005F18E0793F816800BF0B0F8054600282C
:1072A00042D0EFF31185102383F31288BFF36F8F61
:1072B000B8F1010FA36841D1D3F880329B0603D502
:1072C0002A49606909F04FFEA368D3F88032980616
:1072D00003D52749606909F046FE3A4631464846DB
:1072E00008F08BFEB8F1010FA3682FD1D3F88032DC
:1072F0009A0603D51F49606909F035FEA3689B69AA
:1073000023B11D4A0821204609F09DFD2046FFF7C4
:10731000C7FD204609F030FC0BF070F8F0B185F3A2
:107320001188BFF36F8F6BE7A06800F525704FF0F1
:10733000FF324FF0FF3304F06DFAB9E7D3F884322F
:107340001905CAD4204609F0D5FCC6E7D3F8843223
:107350001B05E1D42046FFF727FFDDE7A06800F515
:107360002570BDE8F84304F01FBA00BF3A3A01089F
:107370003E3A0108433A0108D25D0108014909F08B
:10738000DABE00BF215B0108F8B50F46516805461B
:1073900016461C4611B11A4609F0DAFEB3688BB1E5
:1073A00021462846FFF766FD074A08213B46284646
:1073B00009F049FDB168E21D21B12846BDE8F84059
:1073C00009F0C6BEF8BD00BF336501082DE9F043E2
:1073D0000E46002189B0044617460D4603AA3046E2
:1073E00001F10108FFF75AFC88B96DB127B13A469F
:1073F0000821204609F027FD002103AA304601F1AB
:107400000108FFF74BFC60B909B0BDE8F0830068E4
:1074100010B1F9F771FF80B28542414638BF054689
:10742000DCE7D0F80090B9F1000F0FD099F80030E8
:1074300063B147680821124B2046124ACDE9005932
:1074400009F001FD27B96069FFF798FF4146D4E7CD
:107450000B4B20460C4A082109F0F5FC384609F090
:1074600058FEAB1D9BB228B13A4649462046FFF76D
:107470008BFFEBE71A463946204609F069FEE5E73F
:10748000967901083E65010851570108F7B50F6864
:1074900005460E46D7B13846F9F72EFF84B2114B98
:1074A00008212846104A00933B4609F0CCFC71683D
:1074B000084609F02EFEE31C9BB248B10A46284656
:1074C000316803B0BDE8F040FFF75EBF3C46E6E739
:1074D00031B11A46284603B0BDE8F04009F038BE85
:1074E00003B0F0BD927901085862010810B5074950
:1074F0000446F9F7EFFE38B105492046F9F7EAFEF0
:10750000B0FA80F0400910BD0120FCE74565010894
:107510004865010810B583680446D3F880329B069D
:1075200003D50649406909F07FFEA3685022002078
:10753000DA871822A3689A8710BD00BF473A01086E
:1075400008B583690821034A1B6808F0E7FF00209B
:1075500008BD00BF4F650108F7B50E4A0821054672
:107560000D4C08F0DBFF0D4E0023B44203F1010780
:1075700002D3002003B0F0BD626A9BB20821284606
:107580000192303454F8282C0092054A08F0C6FFC6
:107590003B46EAE75F650108643801089438010852
:1075A00077650108024908B508F0C7FF002008BD4B
:1075B000225B010830B5044685B00025A2680DF1B4
:1075C0000E030121E06802F5B07209F0CBFEBDF8B0
:1075D0000E00A36850B103F5B073064A0821204697
:1075E00000932B4608F09AFF0135E7E783F8600126
:1075F00005B030BD8865010810B5044608F0D6FF17
:10760000034A03460821204608F088FF002010BDE9
:1076100096600108022907B50DD153680121019335
:107620000C4B009313680C4A08F078FF6FF01500BC
:1076300003B05DF804FB83680821084AD3F8803260
:1076400013F0020F064B08BF1346064A08F066FF08
:107650000020EDE79F650108966501089265010825
:107660002E590108B465010810B583680446D3F8A3
:1076700080329A0603D50749406909F0D5FDA36811
:10768000D3F880329B0603D50349606909F0CCFD2D
:10769000002010BD4E3A0108533A01080129F0B507
:1076A000044685B00DD053686FF015050121019394
:1076B0005F4B009313685F4A08F030FF284605B01F
:1076C000F0BD8368D3F880329A0603D55A494069E1
:1076D00009F0AAFD6FF0F9012046FFF7B5FBFA218A
:1076E00020460025FFF7C6FBA0684FF480722946AC
:1076F00000F5B0708DF80B504FF47A760BF0CCF8A3
:107700004E49606909F090FD606908F062FF6068A9
:1077100001220DF10B0103681F6903ABB847002874
:1077200009DB039B13BB013E4FF47A700AF0A6FD00
:10773000B6B2002EEBD16FF08505A368D3F8803286
:107740009B0603D53E49606909F06EFD002DB5D05A
:10775000A368502203212046DA871822A3686FF01D
:1077600007059A87374A08F0D9FEA7E79DF80B204E
:10777000A3681B2A4ED093F860111B29C7D1522A47
:1077800048D15A19002382F86031A66896F8612121
:107790005B2A26D106F26115022215F8010F114667
:1077A00001323B2892B21FD1FF29C4D001F5B0713C
:1077B000002016FA81F111F8015FFDB9FA28074699
:1077C0001A4686F8605128BFFA27FA2BA16828BF0D
:1077D000FA220028AFD0002BADD0CF87A3689A87BC
:1077E000ABE786F86031A6E703EB83033038B2F5E8
:1077F000807F00EB430083B2CFD19CE7013200EBE6
:107800008000303D92B205EB4005B2F5807FA8B212
:10781000D1D190E72B440135ADB283F86021092D19
:107820007FF675AFA368002283F8602183E700BF6D
:107830009F65010896650108593A01089979010880
:107840005D3A0108C56501082DE9F04F074689B08A
:107850001546894621B1104609F0FFFD00285BD18D
:10786000032455E05C463CE029460AF5B0700BF075
:1078700069F80646002854D0F9F73EFD314682B239
:10788000601C08F10108013230440AF0ECFF224686
:10789000594630460AF0D9FF4FF020033355BAF865
:1078A0005C3001331C44AAF85C40002401994B1C55
:1078B00003AA48460193FFF7F1F90646E8B1002212
:1078C0003168284609F060FE0028EFD1D6F800B0F4
:1078D000D7F808A0BBF1000FC4D05846F9F70CFD4B
:1078E00084B2BAF85C302344FF2BBDDD01242B4663
:1078F0000D4A0321384609F0A6FAB8F1000F07D067
:10790000B8682A4600F15C0100F5B07008F0B7FFD6
:10791000204609B0BDE8F08F4FF000080224414630
:10792000C5E70224E9E700BFC26A010880B5054641
:107930000E461746984604F0B7FBDFF82090034642
:1079400000F0EEFC0446424649F800303946304625
:10795000A84754F8090000F07DFC00BF08000000B3
:1079600006480021064A08B5121A09F0BBFD054871
:10797000054A0021121A09F0B5FD08BD480300248C
:107980005013002400000020000000200A480B4A89
:107990000B49121A08B509F0A7FD0A480A4A0B4913
:1079A000121A09F0A1FD0A480A4A0B49121ABDE849
:1079B000084009F099BD00BF0000002444030024E2
:1079C000D87901080000002400000024D8790108BB
:1079D00000000020000000201C7D01082DE9F84374
:1079E000054600AF0C46002948D0DFF8B890D9F81A
:1079F00000305A0742D06E468AB0A3686A46D1E981
:107A00000001DFF8A4C04FF00508CDE905C0CDE9BD
:107A1000071342F8108F00234FF421514846FDF719
:107A20001BF8D9F80030B5465B0727D08AB06369E8
:107A3000D4E903016A46DFF874C0CDE90713CDE944
:107A400005C042F8108F002348464FF42151FDF73E
:107A500003F8D9F80030B54658070FD0E369012183
:107A6000134A484608F06FFAD9F80030590705D094
:107A7000A369104A0121484608F065FA012D0AD190
:107A8000EFF3058307480268520704D00A4A103B07
:107A9000294608F058FA2146284603F0AFFCBD46B7
:107AA000BDE8F883F8020024146B0108436B010859
:107AB000726B0108816B0108AF6B010830BFFFF7E3
:107AC000FDBF00BF2DE9F0410B4E0546DFF82C80CD
:107AD000324606EB0807CC1B094920460AF0B5FEE2
:107AE000A019083C424600210AF0D6FE07F1080022
:107AF000C5F8AC40BDE8F0810000000008000000BF
:107B0000E439010810B52D4C23685A0703D02C49DD
:107B1000204609F0F6FC2B4B9B6A9B014BD5236852
:107B2000580703D02849254809F0EBFC1E20254BB7
:107B30009B6AD90107D523685A0703D023491F48F8
:107B400009F0DFFC1F201F4B9B6A1B0307D523682E
:107B5000580703D01E49194809F0D3FC2120194BBE
:107B60009B6A590307D523685A0703D0194913485C
:107B700009F0C7FC2220134B9B6A9B0307D523689F
:107B8000590703D014490D4809F0BBFC23200D4BC5
:107B90009B6ADA0307D523685B0703D00F490748C0
:107BA00009F0AFFC2420074A936A6FEA03436FEAA7
:107BB0001343936210BD1D20B9E700BFF8020024F3
:107BC000C26B010800ED00E0DA6B0108ED6B010803
:107BD000076C0108256C01084A6C0108646C0108F7
:107BE000F8B5374C06460D4623685B0703D0354988
:107BF000204609F086FC344B9B6ADF0451D523688C
:107C0000580703D031492E4809F07BFC17202E4B32
:107C10009B6A190507D523685A0703D02C492848C1
:107C200009F06FFC1820284FBB6A9B0519D5236803
:107C3000580703D02749224809F063FCBB6BBA6A96
:107C400011040DD52268520704D0234A01211C4893
:107C500008F079F926B11C4A936A23F40043936231
:107C60001920194B9B6A5B0507D523685F0703D072
:107C70001A49134809F045FC1A20134B9A6AD60595
:107C800011D52368590703D015490D4809F039FC6F
:107C90001B200D4A936A43F47F43936200232B70A9
:107CA000F8BD1620B3E79B6A9A04F2D523685B07F8
:107CB00003D00C49024809F024FC1C20E9E700BF6E
:107CC000F80200248F6C010800ED00E0A56C0108AB
:107CD000B66C0108C96C0108E26C0108F76C010878
:107CE000126D01082A6D01082DE9F047454D8946BE
:107CF000804617462B68590703D04349284609F0A8
:107D000000FC424B9B6ADA0639D52B685B0703D02F
:107D10003F493C4809F0F5FB11243C4B9B6A1E0788
:107D200007D52B68580703D03A49364809F0E9FBD4
:107D30001224DFF8D8A0DAF82830990721D52B686B
:107D40005A0703D034492F4809F0DBFBDAF83460D6
:107D5000DAF828301B0651D52B685C0705D02F4A6E
:107D600033460121274808F0EEF8B9F1000F04D09E
:107D7000264A936A23F080039362132403E01024BD
:107D8000CBE76FF01506214B9B6AD80707D52B6808
:107D9000590703D022491B4809F0B3FB14241B4B9D
:107DA0009B6A9A0607D52B685B0703D01D491548C7
:107DB00009F0A7FB1524154B9A6AD50602D49A6AD6
:107DC00090070AD55B68190507D54146304600F093
:107DD000F3F910B180F3098802240C4B9A6A9206D9
:107DE00003D55A6A22F400525A629A6A204642F037
:107DF000FF029A6200233B70BDE8F0876FF0150622
:107E0000BBE700BFF8020024596D010800ED00E057
:107E10006F6D0108B66C0108A26D0108BA6D01080A
:107E2000D06D01082A6D0108F0B57B4B8BB004467C
:107E3000002500AF5E6885F31188BFF36F8F02F0F5
:107E40007F43B3F17F4F0AD102F00C03082B14D10A
:107E5000724803685A0709D0714909F052FB6F480C
:107E600003685C0702D06F4909F04BFB002108460C
:107E7000FFF7B4FD2C37BD46F0BD13074CBF0C46D1
:107E80000125002CEBD00022C6F30803FA71DA1E9C
:107E9000092A00F29B80DFE802F0058D908999990C
:107EA000999999935D4E3368590703D05E493046DE
:107EB00009F027FB0023FB71574BDA6A920708D5BC
:107EC0003368580703D05949544809F01AFB002376
:107ED00037E0DA6A002A04DA33685907F7D05449E0
:107EE000F2E7DB6A5A00F2D533685B0703D05149E9
:107EF0004A4809F006FB484BA1695A6942F480726E
:107F00005A61BFF34F8FBFF36F8F31F8022C59695D
:107F100021F480715961BFF34F8FBFF36F8F02F46B
:107F20007F41B1F55F4F2BD1D2B2022A28D13368FD
:107F3000580705D02368404A0121384808F003F863
:107F40002368FA79002A95D107F1080604F1200C7C
:107F50002068083454F8041C3246644503C21646AF
:107F6000F6D17A6A002D53D0C2F3080121B96FEA25
:107F700052226FEA42227A6207F10801184677E737
:107F80009A6AD2B22AB1FA1D01212046FFF7ACFE4F
:107F90000EE09A6A12F47F4F04D0F91D0120FFF71A
:107FA0001FFE05E09B6AB3F5803F90D3FFF7AAFD63
:107FB0000346C6E7FA1D0021E7E7F91D0020EEE7BA
:107FC00016480368590782D01C497EE713480268A7
:107FD00052073FF47CAF16F4F87F194A6E468AB018
:107FE000184918BF11466A46103BDFF85CC007937A
:107FF0004FF40073ADF82030144BCDE905C142F8C1
:10800000103F00234FF41151FCF726FDB5465EE703
:108010006FF30802AFE700BF00ED00E0F8020024B4
:108020001D6E0108486E0108846E01089B6E0108F0
:10803000BC6E0108CA6E0108E96E0108056F0108EF
:10804000046E0108EF6D0108296F010804000001AA
:10805000044B5A6942F010025A615A6922F0080230
:108060005A61704700ED00E0EFF30880EFF30981FB
:1080700001B57246FFF7D8FE01BD00BF0F4880F37F
:108080000888FCF72FF9102080F311880C484FF076
:10809000AA014FF4046209F025FA09484FF404617B
:1080A000401880F30988EFF314800221084380F31D
:1080B0001488BFF36F8F00F049F80000C02C002433
:1080C000001F00241EF0040F0CBFEFF30880EFF335
:1080D0000980816911F8021C0229FFD001B572469E
:1080E00009F004FA01BD00BF00B2002807DB01233C
:1080F000410900F01F00024A834042F821307047D6
:1081000000E100E000B2013100284FEA0111C9B2DC
:1081100006DB00F1604000F5614080F80013704715
:1081200000F00F00014B1954704700BF14ED00E040
:10813000044B054A23F07F039360BFF34F8FBFF3D7
:108140006F8F70470000000800ED00E008B5FFF7F2
:10815000EFFF0C4AD2F8883023F47003C2F888305D
:10816000EFF3148323F0040383F31488BFF36F8FBA
:10817000FFF7F6FBFFF70AFC00F0B4F809F0E0F9AE
:1081800003F082FA00ED00E042F8203C203A009B28
:1081900008495360019B21F001019360029B9161AA
:1081A000D3604FF08073D36100230265C0F8B03014
:1081B000704700BF2D7900080A4A0346906878B1DD
:1081C00013F1160FD0F89C0005D0A0F140029342A5
:1081D00005D3834203D2814228BF0020704700208C
:1081E000704700BFF012002415460D4A0E4608B530
:1081F0000C4B9060D0F8AC201A6000F0EBF82C46E5
:1082000086F309880020044B98472046002100226D
:108210000023024C20470000191501082D790008A1
:10822000F012002430120024014B10221A61704712
:1082300000ED00E0054B5A699B689A4204D0044A5D
:10824000536843F080535360704700BFF01200241E
:1082500000ED00E0084B9B6883420BD1EFF30583F0
:1082600043B1064B5A6842F080525A605A6A22F46F
:1082700000425A620AF0DEB8F012002400ED00E07D
:1082800015498A684FF030001044EFF3098C80E8FC
:10829000F01F102080F31288BFF36F8F0F4F4FF045
:1082A00000664A698A603E60D2F8AC000C4C2060DF
:1082B000D2F8B0000023C2F8B03080F3118804B5C2
:1082C000104600F087F8BDE8044002F1300090E865
:1082D000F01F8CF309887047F012002404ED00E0D1
:1082E00030120024002304481021C21801338F2BC0
:1082F00082F80013F9D1704700E100E008B5EFF310
:108300000583064A103B02EBC30152F8330049686B
:108310008847BDE80840FFF78DBF00BF7C320108E9
:10832000014800687047000030120024154A70B5FB
:10833000536913F4803323D1C2F88430BFF34F8FD5
:10834000D2F8803043F6E074C3F3C900C3F34E3370
:108350005B0103EA0406014646EA81750139C2F869
:108360006052F9D2203B13F1200FF2D1BFF34F8FAF
:10837000536943F480335361BFF34F8FBFF36F8F63
:1083800070BD00BF00ED00E00B4B5A6912F40032E3
:1083900011D1BFF34F8FBFF36F8FC3F85022BFF3DC
:1083A0004F8FBFF36F8F5A6942F400325A61BFF3A7
:1083B0004F8FBFF36F8F704700ED00E0024B01213C
:1083C000024A034800F092B800000824000000248C
:1083D00004450108D0F89C304021054A403B104636
:1083E0001360044BC2E90113012100F089B800BFFA
:1083F0003412002400000B1508B503461148D0F8CC
:108400009020C2F30722013A93420AD90E4802682B
:10841000520703D00D4A012107F095FD6FF01500BA
:1084200008BDC0F898300A6822F01F021A4342F0D3
:108430001002C0F89C208A6842F00102C0F8A02017
:108440001846EDE700ED00E0F4020024406F01085B
:10845000F0B50E4685B01F4604460025B54210DA39
:10846000606828B3AFB1431E18420DD012480368AC
:108470005B0704D0114A2B46012107F064FD6FF021
:108480001502104605B0F0BD1F28EFD921680B4238
:10849000ECD1236801A9019309F053F8A3680343C1
:1084A000D0B20393FFF7A8FF10F1160FE7D0421CDC
:1084B00001350C34D2E700BFF4020024666F0108D6
:1084C000044B0522C3F89420BFF34F8FBFF36F8F87
:1084D000704700BF00ED00E0BFF35F8F024B00224A
:1084E000C3F89420704700BF00ED00E010B5034CC6
:1084F00001232278FFF7ACFF207010BD4A1300243F
:108500000B4A08B500231278FFF7A2FF10F1160FEF
:1085100007D0084A0021D2F89030C3F307239842CD
:1085200000DB08BDC2F898000130C2F8A010F2E7E5
:108530004A13002400ED00E0604861492DE9F04352
:10854000D0F8903085B00C68C3F307239C4200F24A
:10855000B280FFF7C1FF49680022944201F10C018B
:108560001AD1584F68464FF00008574D3C70FCF741
:1085700019FD564C8146564EC14520D13B7800200E
:108580004E49D1F89020C2F307229342C0F28D8069
:108590000020FFF795FF52E0C0F8982051F80C3CFE
:1085A00023F01F031343013243F01003C0F89C3043
:1085B00051F8043C43F00103C0F8A030CDE7009827
:1085C0004FEA081C00EB0811CB682340B3F5000FFD
:1085D0004ED00BD8B3F5001F34D0B3F5800F3CD08C
:1085E000B3F5801F16D008F10108C5E7B3F1007F8D
:1085F00046D0B3F1805F4BD0B3F1807FF3D150F818
:108600000C30886808F09DFF40F088504A6840F4BC
:10861000801009E050F80C30886808F092FF40F0B4
:1086200088504A6840F43020039001A93878CDE999
:108630000123FFF7E1FE002833DA6FF0150005B0E3
:10864000BDE8F08350F80C30886808F07AFF40F0FD
:1086500088504A6840F40020E6E750F80C308868FB
:1086600008F06FFF4A6840F0C06040F40030DBE77C
:1086700050F80C30886808F064FF4A682843D3E754
:1086800050F80C30886808F05CFF4A683043CBE74C
:1086900050F80C30886808F054FF4A6840F0885061
:1086A000E3E73B7801333B709DE7C1F89830013335
:1086B000C1F8A00065E74FF0FF30C0E700ED00E033
:1086C000B43F01084A130024000004110000F0FF29
:1086D00000000410F0B587B007460E46144600218E
:1086E000102268461D460AF0D7F802232A46214682
:1086F0008DF802306846044BCDE90476019304F00E
:108700009FFC07B0F0BD00BF6315010808B5024B20
:108710001B689847002008BD40120024034B044A00
:108720001860937843F0020393707047401200245E
:10873000A00100240649074821F00701C1F11052A9
:1087400008B502F5002206F04DFD002008BD00BF6F
:10875000072F0024441200242DE9F04F91B01D464C
:1087600006460C461A9B0392002B00F04582B14648
:10877000294619F8010B08F0FFFE0246207808F0A0
:10878000FBFE3F2A07465FFA80F823D006DCA2B141
:108790002A2A35D0D2B2424530D020E05B2A00F000
:1087A00081805C2AF6D1EB07F5D47078B8B108F077
:1087B000E3FE06F10209C2B2EDE7EF0602D5B8F119
:1087C0002F0F03D0B8F1000218BF0122104611B0DC
:1087D000BDE8F08F18B12F2803D1AE070ED50122C6
:1087E000F4E72E280AD1680708D5039B9C42F6D0EF
:1087F000A90703D514F8013C2F2BF0D001342DE04C
:10880000707808F0B9FEC1B22A2919D02E2F0AD1EA
:108810006A0708D5039B9C42E1D0AB0703D514F847
:10882000013C2F2BDBD079B915F00202CED0EF0638
:1088300000F1E4812F2120460AF046F8021EC3E72A
:10884000294619F8010FDCE72F2909D1AE0707D512
:1088500020460AF039F804460028C0D04E4686E784
:108860001A9B05F0020A5F1E2646B8F1000FB6D02B
:10887000039A2B46214648460097FFF76DFF0246B4
:108880000028A3D02946307808F076FE2F2804F17E
:10889000010404D1BAF1000FA1D12646E8E75FFA3E
:1088A00080F8E1E700289AD02F2845D1A80796D470
:1088B0007378212B01D05E2B4DD1B31C059301237E
:1088C00038462946069308F057FEC3B20646059F70
:1088D00000220493A0F14103192B099394BF0023B4
:1088E00001230F93A0F120035E2B94BF00230123EB
:1088F0000E93A0F16103192B089394BF0023012369
:108900000D93A0F121035D2B0B9394BF0023012352
:108910000C93A0F13003092B079394BF002301238C
:108920000A9338785D281DD1059BBB4222D2069B55
:1089300007F10109934260E72E28B9D16907B7D53D
:10894000039B9C423FF44BAFAA07B1D514F8013CFE
:108950002F2BADD143E70023CDF81490B0E70122CF
:108960005746DEE7002800F045812F2830D1AB07BD
:108970003FF535AF294607F1010A08F0FDFD7B7888
:108980005FFA80FB2D2B40F02F81BB78002B00F08D
:108990002B815D2B00F028815C2B07F1020A03D1AB
:1089A000E80758BF07F1030A29461AF8010B08F037
:1089B000E3FD002800F01E81290700F10F81049BD0
:1089C000C0B25B45CCD3834298BF42F00102C7E7F7
:1089D0005C287B7807D1E907CCD4002B00F00A8112
:1089E00001371846C6E75B28C4D13A2BC2D14FF0F5
:1089F000000CB91C63468A4611F801EBBEF1000F6A
:108A000046D1DFF8FCE17F498B4208BFF44500F016
:108A1000DA80E64599415CD30EF14F6E7A490EF546
:108A2000202E8B4208BFF44500F0BB80E6459941FB
:108A300039D30EF1754E75490EF5750E8B4208BF90
:108A4000F44500F09C800EF1C16E01F57F410EF5FA
:108A5000003EF1318B4208BFF44500F09A8001F1ED
:108A6000EA41DFF8ACE101F52C2101F6FC51734538
:108A700008BF8C457FF47EAF26F02003413B192BC5
:108A80007FF66DAF079B092B98BF42F0010267E7A5
:108A900011F802BCBBF15D0FB3D01B0243EA1C63AB
:108AA0004EEA0C2CA7E7DFF86CE15B498B4208BF6C
:108AB000F44500F08D8001F542310EF1DE6EFA31A1
:108AC0000EF5802E8B4208BFF4457FF453AF0C9B0C
:108AD0007AE0DFF848E152498B4208BFF44568D09C
:108AE000E645994126D30EF1306E4E490EF5702EB3
:108AF0008B4208BFF4456DD001F205310EF1754E81
:108B00008B4208BFF4457FF435AF0B9B0E2B7FF6ED
:108B100026AFA6F13A03062B7FF621AFA6F15B0341
:108B2000052B7FF61CAFA6F17B03032B98BF42F009
:108B3000010215E7DFF8C8E03B498B4208BFF44566
:108B40004AD001F1F0410EF1806E6FF4E16BA1F5B6
:108B500088110EF5003E59448B4208BFF4457FF45E
:108B600009AF079B092B7FF6FAAE099B052B7FF611
:108B7000F6AE089B052B98BF42F00102F0E6099B78
:108B8000192B7FF6ECAE089B192B98BF42F001021F
:108B9000E6E6202E3FF4E3AE092E08BF42F00102C4
:108BA000DEE61F2E7FF7DBAE7F2E08BF42F001020C
:108BB000D6E6202E3FF4D3AEA6F10903042B98BFCE
:108BC00042F00102CCE60D9B83F001031A43C7E695
:108BD0000A9BF9E70E9BF7E70F9BF5E7A0F141032E
:108BE000192B98BF2030EAE6049B5B4508BF42F092
:108BF0000102B5E65B22CEE50322E7E50A46E5E59C
:108C00005D3A7265776F6C00746E6300706C610022
:108C10006E6C61005D3A7469676964005D3A656312
:108C20006170730069727000707075000268064BA5
:108C30001A604268054B1A608268054B1A60026927
:108C4000044B1A60704700BF5812002454120024CD
:108C5000501200245C12002407B5084A92E8030071
:108C6000CDE9000106488268126822B16946904742
:108C700003B05DF804FB6FF05700F9E7083A01080C
:108C8000FC2F01085F2808B5034609D9104802687F
:108C9000520703D00F4A012107F055F9002008BD03
:108CA00000F01F0101221F2802FA01F24FF0B0412B
:108CB00006D8D1F888309A430CBF01200020EEE797
:108CC0003F2802D8D1F89830F5E7D1F8A830F2E77C
:108CD000E00200248C6F010800F01F0201215F28D0
:108CE00001FA02F208B5034609D90D480268520795
:108CF00002D00C4A07F027F96FF0150006E01F2894
:108D00004FF0B04103D8C1F88820002008BD3F28AB
:108D100002D8C1F89820F8E7C1F8A820F5E700BF0D
:108D2000E00200248C6F0108044B03EB4000002399
:108D3000013320F8022B8B42FADB704750020024EB
:108D40002DE9F041054600260F4F4FF00108F4B21F
:108D50006B78A34201D8BDE8F0812B781C442046F3
:108D6000FFF790FF68B12046FFF7B6FF57F83430A1
:108D70003BB107EBC40204F01F04516808FA04F089
:108D800098470136E3E700BF60120024034680B134
:108D9000B0FA80F2C2F11F02D2B2074931F91200D3
:108DA0004FF0B042D2F880100B43C2F88030FFF78A
:108DB0009BB9FF22F1E700BF5002002430B5B0B1EB
:108DC000B0FA80F3C3F11F03DBB20B4850F8334015
:108DD0008C4204D100EBC3056D68954205D044B9BF
:108DE00040F8331000EBC3004260002030BDFF2389
:108DF000EBE76FF00F00F9E76012002460B1B0FA02
:108E000080F3C3F11F03DBB2044A002142F83310A0
:108E100002EBC30251607047FF23F5E760120024A4
:108E200000F003020F23043292009340094A43EA00
:108E3000900000F00303023352F82320030C02EAEF
:108E4000104293FAA3F008B1B0FA80F022FA00F0D1
:108E5000704700BF00040058026800290CBF4FF0A3
:108E600080410021054B906803400B4343F00043D1
:108E700093609368002BFCDB704700BFC0FFFE3F90
:108E800070B54368054604691E683368D80608D57E
:108E90001023354833600368590702D0334908F07E
:108EA00030FC33685A0743D5D4F89430326C991C9F
:108EB000C4F894101A8094F8A53094F8A4200133D3
:108EC000DBB29A4284F8A53032D1002384F8A53071
:108ED000636EA3B3E36F4BB1B4F8882004F164016F
:108EE00028469847012811D0022822D0B4F88830AB
:108EF000B4F884209A421CD90133A4F88830A36FB7
:108F00004BB92046BDE8704008F0FFBBD4F898305C
:108F1000C4F89430F3E7BFF35B8F54E8003F5A1E68
:108F200044E800210029F8D1012BBFF35B8FE8DC76
:108F300070BDA36F1BB104F1080003F0E3FBD4F88C
:108F400090304FF6FF715B681A68A4F8A61093F88A
:108F500045301B0701D50023D36104F15000BDE863
:108F6000704002F021BC00BFD4020024D16F010880
:108F70000148FFF785BF00BF1C3201080148FFF719
:108F80007FBF00BFFC310108F7B5476805463C6864
:108F9000204608F0FDFB0646002855D101216868EF
:108FA000FFF75AFF97F84530990603D531466868B0
:108FB000FFF752FF2748696883680831DB683BB9CF
:108FC000254803685A0707D0244908F09AFB03E0B4
:108FD00001AA98470028F3DB019B33B91E480368B8
:108FE0005B0702D01E4908F08CFB204608F0B3FB5B
:108FF00068BB1C4B9C4225D01B4A944214BF1022D4
:1090000008221A4B00214FF4800603EB8203D4F8A8
:10901000C82006FA01F51F6802F040423A43C4F83E
:10902000C820A26822F480322A43A260104AA768AE
:109030003D4201D1013AFAD1013104330629E6D18A
:1090400003B0F0BD0246DCE76FF00F00F8E76FF009
:109050007300F5E7FC2F0108D40200244A700108D0
:1090600064700108002002400021024000ECF11F62
:10907000710008002DE9F8434468074605690E466B
:10908000D4F8008040354FF0FF324FF0FF332846D0
:1090900002F0C0FB94F845303279D80602F0200186
:1090A0000FD4B9B1694803685C0702D0684908F079
:1090B00028FB6FF01504284602F076FB2046BDE839
:1090C000F88339B1990605D4604803685A07F0D08F
:1090D0006049ECE702F01F0312F0200F4FF001048B
:1090E0005D4A40F2FF7904FA03F418BF9146092B58
:1090F00003EB430244EA8364D8F8C03089BF1E3AC8
:1091000044EA025444EA025444F000742340C3F396
:10911000130313B3504B994516D00021404608F075
:1091200037FBE8B9D8F8C030C4F3130209F01809C6
:10913000404623EA0203494A22FA09F22240134335
:10914000C8F8C03008F007FB3378092B12D03F482D
:1091500003685F07ADD04249A9E740F2FF73DAE741
:109160003A4803685B0702D03E4908F0CAFA6FF03C
:109170000F04A0E77378042B05D0344803685E071A
:1091800097D0394993E7738878683BB343F6FF7209
:10919000934232D09A0B032A0CD02C4803685C0708
:1091A00087D0324908F0ADFA284803685B0780D0C1
:1091B0002F497CE700F12E0700222E4C37F8021FC2
:1091C000214389B28B420AD00132082AF6D11F48C6
:1091D000036859073FF46DAF2749E3E71A4690F952
:1091E000413063B1013BDBB2012B2CD91748036836
:1091F0005A073FF45EAF2149D4E70722EFE7317900
:1092000001230068072601F01F01143001EB41041F
:10921000092903FA01F388BF1E3C43EA81638ABF30
:1092200043EA045343EA045343F00073DC0DC3F3F1
:10923000045304F004049E4002FA03F3015921EAA6
:1092400006010B430351002435E700BFD40200247C
:1092500078700108A87001080000FF47FFFF0F00A9
:109260000B710108E8700108207101083A710108CA
:10927000BB71010800C0FFFF627101088571010820
:109280002DE9F04F4FF6FF734768D0F810A085B076
:10929000DFF828B206463D68AAF8A630CAF8900062
:1092A000DBF8083044680193A1461B6859F8088B25
:1092B0001BB34946584698470246F0B994F84530E2
:1092C000D90711D494F845309A0708D5019B04F1C9
:1092D00018019B698BB100227848984768B9784B90
:1092E00098452AD1774B2EE0019B04F110019B6930
:1092F0001BB1584698470028E4D003AA0021786A99
:1093000008F021FC041E08DB039B00221979186871
:1093100008F02BFC041E80F2F180A01C00F0EE800F
:1093200069480368590704D0684A2346012106F0BA
:109330000AFE204605B0BDE8F08F654A614B6549DD
:10934000904518BF0B469A68216A22F47C120A43A2
:109350009A60236A23F40032B2F5803F04D0B3F55B
:10936000003F18BF04F11009019BDB683BB9564868
:1093700003685B07C1D0584908F0C3F9BDE703AAE9
:1093800049464E4898470028F1D1236AB3F5A01FFB
:1093900037D01ED8B3F5802F5DD011D8B3F5003F7C
:1093A00059D004D833F4803304D101232AE0B3F533
:1093B000403F56D0444803685C079ED04749DBE7EE
:1093C000B3F5402F49D0B3F5801F48D0B3F5002F37
:1093D000EFE7B3F5101F46D00AD8B3F5E01F44D02D
:1093E000B3F5001F43D0B3F5C01FE3D10C2309E050
:1093F000B3F5201F3DD0B3F5301FDBD14FF48073A0
:1094000000E00A23364A116841F20302B2EB114F21
:109410002CBF0122022213FB02F3039AB2FBF3F3E7
:10942000304A0393934226D92F4A93423AD92F4A7E
:1094300093423AD92E4A93423AD92E4A93423AD984
:109440002148026812F0060F3FF457AF2A4A022162
:1094500006F079FD51E70223D4E70623D2E708237B
:10946000D0E70423CEE74023CCE71023CAE720232C
:10947000C8E78023C6E70023194A126802F0405269
:10948000B2F1805FD8F8082015BF03F4407322F4CE
:10949000807222F4407242EA930318BF1343C8F863
:1094A00008302AE74FF48073E6E74FF40073E3E7F0
:1094B0004FF4C063E0E74FF4E063DDE7FC2F010801
:1094C0000020024000230240D4020024317201082F
:1094D0000021024000630258D1710108F3710108B4
:1094E0000010005C105E5F0020BCBE00002D31014A
:1094F00040787D0180F0FA021172010897F845303A
:109500005A0705D5AB6823F0204323F03F03AB6037
:1095100097F9443073B1AB6823F0104323F03F0355
:1095200043F08053AB6097F94430022B02D12B6893
:10953000DB04FCD57B6803B1984701213046FFF777
:1095400023FDEB680121284623F47E63EB6008F0DD
:109550001FF9DAF848301BB90AF1400002F024F98B
:109560000024E6E62DE9F04F036989B005460E4672
:10957000403305934FF0FF324FF0FF3305984FF023
:10958000000902F047F96B682C691F68B368C4F8DA
:109590009430D6F804804046C4F8A080F7F7B4FEB3
:1095A00084F8A59084F8A400337C84F89C30B8F14A
:1095B000000F07D1A64803685E070ED0A54908F042
:1095C000A0F80AE0102811DDA14803685D0704D067
:1095D0001023A14A012106F0B6FC6FF0150505988D
:1095E00002F0E2F8284609B0BDE8F08FD5F804A0F3
:1095F000DAF800809AF94010894511DB19D19448B6
:1096000003685C07E9D06FF01505944908F079F814
:109610008F4803685907E2D0914908F072F8DEE7F5
:10962000DAF8282012F809209A4202D009F101093B
:10963000E2E78C4B1B6803F04053B3F1805FD8F82E
:109640000C3003F01C031CD1DAF82C2052F829202E
:109650009A4225D00021404608F09AF800284BD1C4
:10966000DAF82C3053F829207E4B1B6803F0405366
:10967000B3F1805FD8F80C300CD123F01C031343F6
:109680000CE01C2B04D0D8F80C3003F01C03DBE7F3
:109690001023D9E7102AF0D143F01C03C8F80C308E
:1096A0006B684FF0000B06931B6803932B69D3F88C
:1096B000A080B8F1000F22D194F8A42033685200A2
:1096C00013B19B8903FB0222F368934280F0A280CE
:1096D0005F4C21684E070CD0012100922046624A5F
:1096E00006F03BFC23685D0703D06049204608F084
:1096F00008F86FF00B0572E76FF00F0588E798FA2E
:10970000A8F20123B2FA82F29340092A02EB420046
:1097100004934FEA826388BFA0F11E010793049B64
:1097200043EA826388BF43EA0153069998BF43EA3C
:10973000005391F9421088BF43F000730129079349
:1097400028D15FFA8BF94A49DDF80CC051F829108D
:109750000CF1300A4FEA911E0EF00C0E5AF80EC0B2
:10976000634601F01F0C1F2101FA0CF123EA0101ED
:10977000079BC3F3846303FA0CF31943039B4AF872
:109780000E103C491B6B51F8291023F00F030B43BB
:1097900003990B630123092A4FEA826C696803FA73
:1097A00002F388BF1E3891F8452043EA0C098ABFAE
:1097B00049EA005949EA005949F0007912071BD5D6
:1097C000D1F800A0DAF81C2033EA020214D00021FC
:1097D000504607F0DDFF002840F0D980C9F313039D
:1097E00083B9C9F38469012303FA09F9DAF81C3053
:1097F00043EA0903CAF81C30049B0BF1010B28EA69
:10980000030856E799FAA9F9B9F1000FEBD0B9FAB4
:1098100089F9E8E7D5F8049096F811B0D9F80080F6
:10982000BBF1000F2AD15946404607F0D3FFB37C65
:10983000002B65D028460021FFF7A6FB054600282F
:109840005ED0034803685A073FF4C9AE0A49E4E60C
:10985000D40200244F720108647201088D7201085D
:10986000A07201080010005CE17201080673010893
:109870009C4601085C4601084E730108BBF10A0FC3
:109880002ED80121404607F0A5FF99F94330022B5D
:10989000CDD1444B4FF0010953F82BA009FA0BF935
:1098A000D8F81030C3F309430133994505D1D8F8EE
:1098B000103003F4F0739A45B9D00021404607F008
:1098C00067FF0028B3D1D8F8102009F1FF39364BD3
:1098D000134043EA0A0343EA0943C8F81030A6E7F5
:1098E000324C236858073FF478AE3149204607F0E0
:1098F00008FF236859073FF470AE2E4920465EE604
:10990000384604F1640507F026FF10233B607B68AE
:1099100043F004037B6037460FCF0FC53B68002739
:109920002B602766336873B304F178050FCB85E8A5
:109930000F006566A4F8887028B3BFF35B8F54E806
:10994000003F44E80072002AF9D1BFF35B8FA06F9B
:1099500064220023633047F10001F7F7A1FC0022E5
:109960000023CDE9000104F1080002F0A5FE4FF04C
:10997000FF324FF0FF3304F1500001F04BFF00B114
:109980002066256E2BE6204607F0BFFEEFE707486E
:1099900003685B0702D0084907F0B3FE6FF00F05BC
:1099A0001DE600BF304601081FFE00FCD402002463
:1099B000177301082C730108C1720108334B10B5ED
:1099C00018680B88C3F30B03132B37D813B96FF048
:1099D000850032E0013B122BF9D801A454F823F0A2
:1099E0007B9A0008CF990008699A00082D9A000810
:1099F0006F9A0008CF990008CF9900087B9A000859
:109A00007B9A00087B9A0008739A0008779A0008EE
:109A1000739A0008CF990008CF990008CF990008E1
:109A2000CF990008619A0008619A000818481060F0
:109A30000968B1F5805F22D2002010BDD42B0FD071
:109A400003F62873C3F30B031C2BC0D8012404FABC
:109A500003F3104C234205D140F211142342B6D037
:109A60004008E4E78008E2E74FF4FA40DFE70A48FD
:109A7000DDE70A48DBE70A48D9E70A48D7E7C1F338
:109A800013310131B0FBF1F31360D5E73C02002440
:109A900000127A0000101111006CDC02000E270782
:109AA00000B4C40400389C1C1FB59E4BD3F8E020C2
:109AB00042F00072C3F8E020D3F8E02002F0007218
:109AC0000292029A1A6842F480221A601A6842F4DA
:109AD00080321A601A689203FCD55A6F42F0010274
:109AE0005A67904B5A6F9407FCD51A6842F480521B
:109AF0001A601A689004FCD5D3F8F42042F00202F0
:109B0000C3F8F420D3F8F43003F002030393039B6B
:109B100000230193844B9A6942F440429A619A6906
:109B200002F440420192814AD16A41F00101D162BE
:109B3000D26A02F001020192019A9A699104FCD55D
:109B4000784B1A691A6902F03802182A16D11A6875
:109B5000520706D41A6842F001021A601A685407C4
:109B6000FCD5704B1A6922F007021A611A6912F0CB
:109B7000380FFBD19A6922F00F029A61694B1A687B
:109B800022F080721A601A6822F080621A601A68E5
:109B900022F080521A609A6A22F0030242F0020216
:109BA0009A629A6A22F47C7242F020029A62DA6A1D
:109BB00022F00C0242F00402DA62DA6A22F00202B7
:109BC000DA621A6B6FF3080242F0EF021A63DA6A84
:109BD00022F00102DA621A6B22F47E4242F4007231
:109BE0001A63DA6A42F48032DA621A6B22F4FE02F5
:109BF00042F480321A63DA6A42F40032DA621A6B93
:109C000022F0FE4242F080721A63DA6A42F4802245
:109C1000DA621A6842F080721A601A689001FCD504
:109C20009A6A404C22F47C3242F480429A62DA6AA8
:109C300022F0C002DA62DA6A42F02002DA629A6B3B
:109C40006FF3080242F077029A63DA6A22F0100298
:109C5000DA629A6B22F47E4242F400729A63DA6A04
:109C600042F40022DA629A6B22F4FE0242F40032DD
:109C70009A63DA6A42F48012DA629A6B22F0FE4248
:109C800042F080729A63DA6A42F40012DA621A6869
:109C900042F080621A6023681901FCD5244801F063
:109CA00015FBA3691F4A23F47063A361A36923F022
:109CB0000F0343F00803A361E36923F0700343F04B
:109CC0004003E361E36923F4E06343F48063E36109
:109CD000A36923F0700343F04003A361236A23F0D8
:109CE000700343F040032362236923F0070343F02A
:109CF00003032361136903F03803182BFAD10A4BCD
:109D00009A6942F440429A619A699204FCD5054AE4
:109D10000020136923F400431361064B064A1A60BE
:109D200004B010BD00440258004802580004005816
:109D3000001C4E0E3C02002400389C1C132808D83E
:109D4000054BC34013F0010F0CBF6FF085000020DE
:109D500070476FF0850070473A3F0C0008B5074820
:109D600008F0BCFA38B10648FEF7D8FC0448FAF708
:109D7000F9F8002008BD6FF01200FBE7DC310108A4
:109D8000859D00080A2838B50446074D04D1AB6804
:109D90000D2128465B689847AB68E1B202485B68D2
:109DA0009847204638BD00BFDC31010838B50B7834
:109DB0004568072B04690AD914480268540703D080
:109DC000134A012106F0BFF86FF0850038BD4A78CC
:109DD00095F82000904206D00C4803685907F3D04C
:109DE00013460C4AEDE7887810F0020007D00748C8
:109DF00003685B07E8D0084907F07AFDE4E7012231
:109E00009A40237813432370E0E700BFDC0200246C
:109E10009F730108B6730108D07301080B4637B56C
:109E2000072B0446406821690BD91D480268540776
:109E300003D01C4A012106F086F86FF0850003B0BC
:109E400030BD0978D940C90709D4154803685A07B5
:109E500002D0154907F04CFD6FF01500EFE790F8C0
:109E60002040012101FA04F5AA4208D30C480368F6
:109E70005B07F1D013460D4A06F065F8ECE7C4F134
:109E8000100403F10801A240C9B252BAADF804208F
:109E900001AA07F06BFD002818BF6FF00400CEE7A1
:109EA000DC020024F0730108077401081F74010824
:109EB0002DE9F04182B00446466800AF056930687C
:109EC00008F00CFAF0B9694803685C0714D03368ED
:109ED0006C4688B01B686A466549CDE905134FF4A6
:109EE0000073ADF81C30634B42F8103F00234FF471
:109EF000E251FAF7B1FDA5466FF012000837BD46F2
:109F0000BDE8F081337E23B1F06808F0E7F900285E
:109F1000D9D04FF420633A1D05216068BB8007F05B
:109F200025FD804688B9FA2008F076FB66683A1D60
:109F300001213046A7F8048007F0DEFC78B14B48D9
:109F400003685A0708D04C4904E048480368590799
:109F500002D04A4907F0CCFC6FF00400CEE7BB8882
:109F600096F820205BBAC2F1100299B2C3F3033312
:109F7000B3EB620F09D03D4803685B0702D040494C
:109F800007F0B6FC6FF01500B8E70E050CD5666853
:109F9000B88096F82130032B0CD934480268520758
:109FA00019D16FF08500A9E7304803685907E9D057
:109FB0003449E5E7344A03F0010803212046D35C25
:109FC0004FF4807207F0F2FC50B1284803685E0736
:109FD000C2D02E49BEE72E4A012105F0B4FFE0E7CA
:109FE00043464FF480720421204607F0DFFC00282E
:109FF000EBD106F12103064613F8012F8240013010
:10A0000016430828F6B2F7D13A1D0421606807F01C
:10A0100073FC28B1154803685D079DD01D4999E779
:10A020003A1D042160687E7107F0A0FC28B10F483A
:10A0300003685C0790D018498CE73A1D07216068D7
:10A0400007F05AFC28B109480368590784D013491E
:10A0500080E77B79DA0706D5044803685B073FF49D
:10A060007BAF0F4976E7287048E700BFDC02002489
:10A0700035740108030000015C7401084A7401088A
:10A08000757401088F740108B6790108D17401084C
:10A09000A9740108ED7401080A7501082875010802
:10A0A000477501082DE9F843D0F80490904607461B
:10A0B0000D46D9F808001E4607F0B9FAB8F5001F9A
:10A0C000044616D1D9F808402846FEF7A9FE844276
:10A0D0000CD1294607F0ABFA044607F0ADFA20464A
:10A0E000FEF78CFE0021204607F0AFFA0020BDE805
:10A0F000F883B8F5800F20D0B6F1806F19D0B6F193
:10A10000C06F18D0B6F1007F1AD102263A460F4927
:10A110002046FEF753FEB0B9D9F80810284607F0DC
:10A12000BDFA2046314607F090FA2046FEF72EFE93
:10A13000DCE70126EAE70326E8E76FF08500D6E7CB
:10A140006FF01500D3E76FF00F00D0E71B1B01087D
:10A15000012912D0022907D089B90068094BC01A19
:10A1600018BF0120000370470068064B98420CBFDF
:10A170004FF400504FF440507047002070474FF4A8
:10A1800000507047000C005843681B6803F1080238
:10A1900052E8002F42F0010203F1080040E80021DC
:10A1A0000029F3D1154A93421BD0A2F54C429342A9
:10A1B00017D002F58062934213D002F58062934279
:10A1C0000FD002F5806293420BD002F544429342D5
:10A1D00007D0A2F51C42934203D002F5806293425D
:10A1E00003D15A6842F040025A6053E8002F42F40B
:10A1F000807243E800210029F7D170470010014028
:10A2000043681B6803F1080252E8002F22F00102A4
:10A2100003F1080040E800210029F3D1154A9342D8
:10A220001BD0A2F54C42934217D002F580629342B4
:10A2300013D002F5806293420FD002F58062934200
:10A240000BD002F54442934207D0A2F51C42934240
:10A2500003D002F58062934203D15A6822F0400293
:10A260005A6053E8002F22F4807243E8002100294D
:10A27000F7D170470010014038B51D46094B33F83F
:10A2800012200023F7F70CF82A46090200236C0875
:10A2900041EA10610002201841F10001F7F700F8CF
:10A2A00038BD00BF244E01082DE9F04383B00646B7
:10A2B0000C46436800AFD3F80080002946D05868A8
:10A2C00019698368DB6883B13A1D9847051E0FDA68
:10A2D000374803685A0703D0364A012105F02AFEA1
:10A2E00028460C37BD46BDE8F0836FF05705EFE711
:10A2F000314B98452DD1D7F804800025DFF8BC906C
:10A300002346AAB240460021FFF7B6FFA0F54070F1
:10A31000484530D90135102DF2D1254803685B0737
:10A3200014D06D468AB033686A4625490794CDE952
:10A3300005134FF40073ADF82030224B42F8103F64
:10A3400000234FF41151FAF787FBAD466FF0150566
:10A35000C6E7D8F8003023F40043C8F800307B6823
:10A3600003EB5403B3FBF4F30F2BD6D99BB2C8F81D
:10A370000C300025B4E7104E4046F36A23F00F037B
:10A380002B43F362104B33F8152000231946F6F7E0
:10A3900087FF002305464FF4807C1946600822465B
:10A3A000E5FB0C01F6F77CFFC0F31300F060E0E77B
:10A3B0001C030024CD750108000C0058FFFC0F00A1
:10A3C000FB75010804000001244E01082DE9F84343
:10A3D00006460A7940680D463369012A04681F68F9
:10A3E00017D0931ED3F1000949EB03094FEA8929DD
:10A3F0006979FFF7ADFE95F806800346B8F1020FC4
:10A400000AD0B8F1040F01D0002A64D04FF4805074
:10A4100005E04FF4C069EBE7002A59D00020A2F113
:10A42000030CBCF1010F04D86FF085031846BDE89A
:10A43000F88312B1B8F1040FF6D0B3F5805F4CD0B9
:10A44000B3F5405F4BD0002B0CBF0123032399428F
:10A45000EAD1494607F0DDFB8045E5D1EB791BB336
:10A46000012B3ED1204B9C421ED0A3F54C439C4275
:10A470001AD003F580639C4216D003F580639C429A
:10A4800012D003F580639C420ED003F544439C42F6
:10A490000AD0A3F51C439C4206D003F580639C427E
:10A4A00002D0124B9C42BFD123682946304623F08C
:10A4B0000103236007F025FD03460028B4D122687C
:10A4C00042F00102226095E8030087E80300ADE74F
:10A4D0004FF08050B1E71046AFE70023B7E7022303
:10A4E000B5E7032BBED09FE700100140000C0058D9
:10A4F0002DE9F04383B08046D0F8049000AFD9F83E
:10A500000400D9F8101083681B687BB19847054692
:10A5100070B93A1D0021D9F8240007F014FB051E7C
:10A5200011DA28460C37BD46BDE8F0836FF05705B9
:10A53000654803685E0703D0644A012105F0FAFC10
:10A54000002DEEDBE5E77B6800221979186807F03B
:10A550000CFB051EE5DBD8F80460D8F81030346831
:10A560001D68236823F001032360B06807F0B6FE7E
:10A5700058B9554803685C0702D16FF01205D0E75F
:10A58000534A012105F0D6FCF7E7D6E902018368BA
:10A59000DB6803B1984754E8003F43F00C0344E8FC
:10A5A0000032002AF7D12946404607F0AAFC0546AA
:10A5B00010B16FF01505B4E7337E1BB1A36843F00B
:10A5C0000803A360737E1BB1636843F400436360B8
:10A5D000B37E1BB1636843F480336360F37E1BB1C9
:10A5E000636843F400336360337F002B56D0394BEC
:10A5F0009C4238D0A3F54C439C4234D003F5806391
:10A600009C4230D003F580639C422CD003F58063DC
:10A610009C4228D003F544439C4224D0A3F51C431C
:10A620009C4220D003F580639C421CD02A4B9C4264
:10A6300019D0254803685907BBD06C4688B0D8F8B4
:10A6400000306A462549CDE905134FF40073ADF893
:10A650001C30234B42F8103F00234FF4E251FAF72D
:10A66000FBF9A546A5E7D8F804301A68936843F4C7
:10A67000804393602368727F23F0787343EA4253E8
:10A6800023602368B27F23F4F81343EA0243236074
:10A69000F37F1BB1A36843F40043A36096F8203016
:10A6A0001BB1236843F000532360236843F0010388
:10A6B0002360E3699A02FCD5E3695B02FCD5D9F813
:10A6C0002830404698472CE71C03002412760108E6
:10A6D0003276010800100140000C00584D76010848
:10A6E0000300000170B50B6806460C46988807F019
:10A6F000DDFC04280346D1E9141510D002280AD144
:10A70000012A01D9012D0AD8328E92B209B105B1C0
:10A710000A80022508E0032A15D9032D15D9326BCA
:10A7200009B105B10A600425B5FBF3F5626D42B1CC
:10A73000954216D9184803685B0702D0174907F0FD
:10A74000F1FC284670BD012A02D9626D012ADBD8CE
:10A7500096F83020D2B201B10DB90125E6E70A70B2
:10A76000FBE7521B62657AB9E26B04F1400104F128
:10A770003C000832E263226C013A226404F1540284
:10A7800007F070FC2065DCE7226D002AD9D005FBBC
:10A7900003222265D5E700BF08030024B87601082C
:10A7A0002DE9F84306460C4691F860900427DFF83F
:10A7B000E0802368988807F079FC04280346A26C9F
:10A7C00018D0022810D1B9F1010F02D9E16C01298A
:10A7D00010D8002A3ED0E16C01B1118889B202255F
:10A7E0003184B5FBF3F50CE0B9F1030F23D9E16C2B
:10A7F000032923D9EAB1E16C01B111683162B7FBD9
:10A80000F3F5E26C4AB1AA4228D2D8F800305B07CF
:10A8100003D020491E4807F085FCA36D5B1BA9EB04
:10A82000050515F0FF09A36501D0002BC1D1BDE8D6
:10A83000F8831146E2E7B9F1010F02D9E16C012971
:10A84000C7D84AB1E16C01B11178C9B2012586F8C7
:10A850002010D6E71146C1E71146F6E7521BE26425
:10A860007AB9626B04F1380104F134000832626392
:10A87000A26B013AA26304F14C0207F0F3FBA0645F
:10A88000CBE7A26C002AC8D005FB0322A264C4E770
:10A8900008030024B87601082DE9F047436800AFAB
:10A8A00005460669DA68012A17D947489968836816
:10A8B00008319B6973B100229847041E0DDA4348A2
:10A8C00003685E0702D0424907F02CFC2046BD46D3
:10A8D000BDE8F0876FF05704F1E7304607F0A4FCBD
:10A8E0000121686807F049FC041E02DA14F1860FA2
:10A8F000ECD12E6900216D68284607F03EFC041E4D
:10A900003BDB3148A96883681B686BB398470446F2
:10A9100060BBB5684FF00108D6E9023203EBC20311
:10A920009D422AD2286807F0D9FC034640BB27483D
:10A930000268510715D02A686C468AB029791668D2
:10A940006A4607914FF40071224DADF8201022495C
:10A95000CDE9055642F8101F4FF41151FAF77CF873
:10A96000A5466FF0120408E06FF05704174803681B
:10A970005D0702D0194907F0D5FB04EAE474A5E7A6
:10A9800028682979EB88DA07D0F810E008FA01F98D
:10A99000D0F808A054BF43F4B01383F4D013DEF80A
:10A9A00000C023F48012DB074CBF49EA0C032CEAF9
:10A9B0000903CEF80030DAF800309847002801DBB0
:10A9C0000835A9E70446D8E7FC2F0108080300244E
:10A9D000D67601081377010804000001F876010813
:10A9E0002DE9F04F87B080460E469B46914600AF5A
:10A9F000056912B9002B00F0BE82B388980400F1FB
:10AA000024814FF0FF324FF0FF3305F1100000F0CA
:10AA100001FF6E60D8F81030D8F804A0FB601B6806
:10AA2000DAF800409E42B28840F01B81110508D53B
:10AA3000B9F1000F00F012814FF4C121204607F058
:10AA400002FBB08807F032FB0346B9F1000F40F07B
:10AA50009D81C5F834900022AA6305F1380105F103
:10AA60004C0205F13400FB6007F0FCFAFB68A864B7
:10AA7000BBF1000F40F09381C5F83CB0002205F116
:10AA800040012A6405F13C0005F1540207F0EAFA9E
:10AA9000002128650B46A86B2963834240F088811A
:10AAA0000023D5F840C01A46624540F0888199429B
:10AAB0002CBF69646B64EB6C3BB96B6D2BB9AB6DF0
:10AAC0001BB9EB6D002B00F0548223687B60E368B8
:10AAD0003B60D8F80430BB601B68FB60FA681B68F9
:10AAE000D26803F4006302F4C022134340F06E8185
:10AAF0004946304607F0F4FA81465946304607F099
:10AB0000EFFA81454E46B8BF0646002EC0F2BB8024
:10AB1000BB681B6AB342C0F06381FB68D8F81010B1
:10AB20001B68DB0702D5F86807F0B2FAFB68FA6821
:10AB30005B686FF30F0333435360C1E91666D8F8BF
:10AB400004301B681A6842F001021A60DA68560283
:10AB500000F14E81012007F091FBD8F810603068B9
:10AB6000002840F04E817B6803F400693B6803F4E1
:10AB7000C02349EA0309EB6C2BB96B6D1BB9AB6DB4
:10AB80000BB9EE6D56B32946204607F00BFB6369FF
:10AB900013F4787300F05881A0480268510714D06C
:10ABA0006E468AB06A469E4905919E49CDE90613D4
:10ABB0004FF40073ADF820309B4B42F8103F002358
:10ABC0004FF41151F9F748FFB54663695A0603D5AA
:10ABD000A36943F04003A3616FF00406D8F8043082
:10ABE000D8F810901C686369D90700F18581E36883
:10ABF0005A0240F198818D49204607F062FA0028F8
:10AC000000F07D812368D80740F1798163689BB2A9
:10AC10006BB9D9F800309B88C3F34513192B06D8BC
:10AC200021FA03F3DB0702D5204607F031FA236847
:10AC3000E26803F4006302F4C0221343B3F5C02FAB
:10AC4000DAD1204607F024FAD6E7AB69002B7FF46F
:10AC5000D8AE6B689E427FF4D4AEDBE64FF4C021E1
:10AC6000ECE6DAF81010C2F3451302291BD00329D1
:10AC70001CD001293BD1043B1C2B8CBF002301239A
:10AC8000C3B96FF085062B6813B19B88980405D46F
:10AC900000236B6005F1100000F086FD30461C3784
:10ACA000BD46BDE8F08F043B0C2BE6E7082B01D036
:10ACB000102BE6D1130405D5E36823F4601343F4A5
:10ACC0000023E3605A48DAF80C208368012ADAF896
:10ACD0000810DB683FD908318BB9504803685E071C
:10ACE00002D0544907F01EFA6FF00406CBE74B4838
:10ACF00003685A07C5D0504907F014FAC1E707F1B5
:10AD0000140298470028E8DB7B690022D6F800C0CF
:10AD10001146013223FA02F0604540F22E81082AE2
:10AD2000F6D13E480268520712D06C468AB06A4695
:10AD30004249CDE9051C59081B0A079108930523D0
:10AD400042F8103F00234FF42151F9F785FEA54644
:10AD50006FF0150697E72BB9304803685C07C3D03E
:10AD60003749BFE707F1140298470028CCDAF3E728
:10AD70004FF4C02132E11BB1E36823F0105355E1D9
:10AD8000E36823F0105343F000534FE1D9F800205B
:10AD90006A63002A3FF45FAED9F804205CE6DBF872
:10ADA0000020EA63002A3FF469AEDBF8042066E67F
:10ADB0006A6B02EBC3020133526811446DE6E86B23
:10ADC00000EBC2000132406803446DE6B3F5C12FC9
:10ADD00030460CBF4946594607F082F9064694E6CC
:10ADE0000E4803685C07B3D0164907F09BF9AFE73C
:10ADF0001A6842F400721A601A6890053FF5AAAE0C
:10AE0000FAE7037D002B3FF4AEAE0121083007F0D6
:10AE1000A1F93368186907F031FAA4E608030024A1
:10AE200012780108BA790108040000010002020248
:10AE3000FC2F01085F77010837770108B777010811
:10AE40008B770108E6770108B9F5C12F7FF493AE3F
:10AE5000EB6C93BB6B6D83B3DAF80060304607F0A0
:10AE600030F901460028F9D1304607F011F92B6876
:10AE70009888C30712D4D5F840C00B46634523D148
:10AE800007F014F991FBF0F300FB131373BB736825
:10AE9000B1FBF0F16FF30F03194371604FF4C02160
:10AEA000304607F0D0F8336843F001033360F368AD
:10AEB0005A0210D4012007F0E1F900212268E3686A
:10AEC000B9B902F4006952E6EA6B02EBC30201333E
:10AED00052681144D2E7336843F400733360336837
:10AEE0009B05E7D473691807E4D4F8E76FF0150100
:10AEF000E4E76FF0150671E694F8303073E6D8F8A1
:10AF00001080D8F8003073B11A7D62B1998811F4BD
:10AF1000805A08D1186907F0B1F9D8F800005146F5
:10AF2000083007F017F963699A0503D5A36943F45C
:10AF30000073A361A36943F01003A361A36943F005
:10AF40004003A361A36943F00803A36163686FF33F
:10AF50000F036360D9F800309B88DB0402D42046DD
:10AF600007F096F8C9F8306009F1200000F01CFCE9
:10AF700089E61E4687E61E4690E6204607F088F8DA
:10AF8000A3684B4A23F0E04352F821201343A36007
:10AF90009AF82530D90703D5E36843F40043E3600A
:10AFA000B38813F0020FE36814BF43F0007323F07B
:10AFB0000073E360B38813F0040FE36814BF43F039
:10AFC000807323F08073E360B18811F4006105D0D1
:10AFD000B9F1000F3FF4CCAE4FF4C121204607F089
:10AFE00032F8B38813F0100FE36814BF43F4000382
:10AFF00023F40003E360A36823F48003A360B38811
:10B00000327D03F0010322B99AF8252091077FF5DC
:10B01000B2AE33B9E368DA0003D4236843F4805353
:10B020002360E36823F0105343F08063E360B38848
:10B03000204913F0010FE36814BF23F4800343F4A5
:10B040008003E360B288A368C2F3451223F01F03B4
:10B05000043A51F8222018491343A360E368DAF850
:10B060001C2023F00F031343E360E368DAF8182091
:10B0700023F0F00343EA0213E360B288DAF81430F5
:10B08000C2F345120732D20893FBF2F3012BFA68A0
:10B09000B8BF012382F86030DBB2A268013B22F422
:10B0A000F07251F823301343A360FB681E60C8E4BC
:10B0B000E4470108B0480108704801084FF0E02358
:10B0C00010B599691C699B6900B103600B4A0C4873
:10B0D0001268002908BF1146002B08BF134614F45C
:10B0E000803F01D1994205D20168114401604FF0BF
:10B0F000E021096900681044C01A10BDEC12002458
:10B10000E01200240B4B1022002083F823204FF480
:10B110009652094B1A604BF68032084B1A604BF678
:10B120007F32074B18604FF0E0235A610722986185
:10B130001A61704700ED00E0E8120024EC120024D0
:10B14000E0120024684620F007018D46F1B507F0B3
:10B150008DF8044600200027FFF7B0FF1248134A7D
:10B1600003680760D2E900515B19114D41F10001FC
:10B17000C2E90031D5E900614BF680329B1BB3FB7D
:10B18000F2F002FB00F39B1941F10001C5E9003127
:10B19000084B21461F6001F08BF9FDF74BF8BDE825
:10B1A000F1408546704700BFE0120024D00B002418
:10B1B000C80B0024E41200242DE9F341804601A8C5
:10B1C000FFF77CFF26490027264A274E176035687F
:10B1D000D1E90034C3182548D0E9002044F1000427
:10B1E000B3EB020CC1E9003464EB0004204BBC4219
:10B1F00018681ADB1F4B4BF6803E1B6813EB0803E5
:10B2000047EB0708A3FB0E32B3EB0C030EFB08223F
:10B2100062EB04029842974107DAB3F1807F72F142
:10B220000002A8BF6FF07F43184630604FF0E02364
:10B23000013800229C6958619A614FF00072C3F88E
:10B24000042D019BA34238BF5B19D1E900201B1BD1
:10B250009A1840F10000C1E9002002B0BDE8F08179
:10B26000D00B0024E0120024EC120024C80B0024B0
:10B27000E8120024E4120024084B002010B51C68DA
:10B28000074B1B68E41AFFF719FF4BF68033204485
:10B29000B0FBF3F0034B186010BD00BFD00B0024CF
:10B2A000C80B0024E412002438B506F0DFFF064B7B
:10B2B000044600201D68FFF701FF84F31188BFF3E7
:10B2C0006F8F284438BD00BFD00B0024002852D017
:10B2D0002B4A936903F44043B3F5404F1FD1294BE8
:10B2E000294A0344934242D9284B294A03449342B2
:10B2F0003FD9284B98423ED8002327490A6822F0BC
:10B300000F021A430A600A6802F00F02934234D017
:10B31000086800F00F00C01A18BF01207047936939
:10B3200003F44043B3F5004F0ED11C4A1C4B0244BA
:10B330009A421AD91B4A02449A4218D91A4A02441C
:10B340009A4216D90133D5E7184A194B02449A425A
:10B3500009D9184A02449A4207D9174A02449A4224
:10B3600005D9164AEBE70423C7E70323C5E7022301
:10B37000C3E70123C1E7012070470020704700BFE9
:10B3800000480258FFC4A7F7FFE0F5057FE2D3FBB2
:10B390007F1D2C04801D2C0400200052BF4C2AF677
:10B3A000BF3B47037F8871F93FC4B8FCFF6A45F58E
:10B3B0003FA5AE023F10F4F77FB5A2FABF5A51FD88
:10B3C000024B03600248C01A40097047FC2F010875
:10B3D0007C32010810B50446F9F7A0F90548036866
:10B3E0005B0703D0044A012104F0A4FD204606F0C7
:10B3F00080FF00BFF8020024457801082DE9F047DE
:10B40000044600AF0D46EFF31189102383F3128831
:10B41000BFF36F8FDFF8D080344AD8F800309668D9
:10B4200059075DD00428EA468AB0117C94BF304B9E
:10B43000304B6A4698BF53F82030CDE9073140F2CF
:10B4400001332D48ADF824302C4BCDE9050442F8EA
:10B45000103F00234FF431512348F9F7FDFAD54648
:10B4600065B1EB69C3F3080343B1D8F800305A075C
:10B470001FD0234A01211C4804F05CFDD8F800309D
:10B480005B0716D01EBB1F48E8468AB06A461E4BB3
:10B490000790CDE9053640F20133ADF820301B4B63
:10B4A00042F8103F00234FF411510F48F9F7D4FA36
:10B4B000C54629462046FFF78DFF89F31188BFF363
:10B4C0006F8F3046FCF7C6FEBD46BDE8F0873046BC
:10B4D00006F09AFF0028D6D00378002BD3D0D3E70C
:10B4E000002DBED1E5E700BFF8020024F0120024D1
:10B4F00024490108557801086B780108050000010E
:10B500009378010863780108B47801080400000109
:10B5100038B50A4B53F82040013053F82050A5426B
:10B5200000D838BD606830B1037EDB0701D406F077
:10B53000B4FE0834F3E723689847FAE7384901086E
:10B5400070B52C4B01222C4C86B02C4D1A70AC429D
:10B550001BD303202A4C2B4DFFF7DAFF0420FFF703
:10B56000D7FF26463034AE4213D3254C00F078FD89
:10B57000AC422AD300F088FDF8F736F9224A9389C5
:10B5800023F00103938106B070BD54F8043B984743
:10B59000DDE754F80C3C059354F8103C049354F840
:10B5A000143C039354F8183C029354F81C3C019348
:10B5B00054F8203C009354E90A2354E90C0100F0AC
:10B5C000A3F954F8303C5E65CBE7D4E90A23B3F124
:10B5D000FF3F08BFB2F1FF3F05D052EA03012068E8
:10B5E00003D100F05FFA3034C2E70849183000F0A8
:10B5F00077FEF8E74C130024F4360108F43601080E
:10B60000F4360108F4360108900C00244F25010897
:10B6100070B5B823164E86B0012203FB0066154BA9
:10B62000154D044605930F231449CDE90332002339
:10B630004FF4A072CDE90133142303FB00554FF4FE
:10B64000C0700F4B00FB04113046009500F05CF910
:10B65000337C0C4A23F00403EE602C7433744FF4F3
:10B66000046304FB033313446B6006B070BD00BF7A
:10B67000D80B002416790108F0120024402700247A
:10B68000CF230108001F00247FB50020FFF740FFF3
:10B690002B4B83F308882B4CF0232B4D84F822305E
:10B6A0000023E37723766376A37684F82030636AF9
:10B6B00043F4E0236362FCF7CBFCFCF7B5FD4FF0ED
:10B6C000FF33A362E362214CFCF736FFFCF776FE02
:10B6D000F8F766FF1E4800F099F9F8F70FFEAC4244
:10B6E0002AD301201B4CFFF713FF0220FFF710FFA6
:10B6F000002500F0ADFC184B4FF4806217495C61E7
:10B700002046174B009505930123CDE90155CDE95E
:10B710000353144B00F0F8F8237C0646204623F030
:10B720000403237406F0B9FE2846FFF771FF0D4AA3
:10B7300031462046FCF758FD54F8043B9847CEE7C5
:10B740004027002400ED00E0F4360108F43601083B
:10B75000480D0024900C0024F0120024C02800247E
:10B760008756010841B5000838B5064C064DAC4275
:10B7700001D3002038BDD4E901122046143406F06C
:10B7800002FEF4E720030024340300241FB5054C17
:10B79000CDE900230A460021029406F0B2FD04B070
:10B7A00010BD00BFDFF1000870B5EFF31186102364
:10B7B00083F31288BFF36F8F0468A0421CD0DCB102
:10B7C000002504F11800D4E9003213605A60237C8C
:10B7D000A56023F00203C4E90055237400F010FEB5
:10B7E0002046C4F8B450656100F014FA31460848A8
:10B7F000BDE8704000F01ABBD0E902329A4218BF8F
:10B800000133836086F31188BFF36F8F70BD00BF73
:10B810004D13002413B5EFF31181102484F3128823
:10B82000BFF36F8F846844B1013C846081F3118859
:10B83000BFF36F8F002002B010BD52EA030406D19F
:10B8400081F31188BFF36F8F6FF00F00F3E7CDE93D
:10B8500000230246014800F061FBECE74D13002491
:10B8600010B5044608B9084B9C6849B11F2204F181
:10B870007C0007F048F8002384F89B30002010BDBE
:10B8800084F87C10FAE700BFF01200242DE9F0479D
:10B890000C4681B37AB390F81090561E174F0025CE
:10B8A0006019B9F1000F04D104F805902046BDE8F5
:10B8B000F087B7F804A019EA0A0F1AD0A6EB05081A
:10B8C000FB883968984528BF98464246454406F0AB
:10B8D000BCFF39EA0A090CD0A6EB05086019084933
:10B8E000B8F1010F28BF4FF001084544424606F069
:10B8F000ACFF0837D4E7034CD8E700BF5049010834
:10B900001E790108225B01082DE9F04F154685B02C
:10B910001F4600F15803073504460E46002225F065
:10B9200007050421DDF838B006F1400A7F35DDF85F
:10B930004C80C0E91633129B25F03F05002021748E
:10B94000A3813F2D119BA5F14009A060A3734FF087
:10B950000003E073C4E90600C4E9082305D880F3B6
:10B960001188BFF36F8F084602DF35444A46AA218B
:10B97000504606F091FF29462046FCF7A3F8073011
:10B98000109B314620F00700C4E927A9C4F8A400A1
:10B990002D1A029320460F9B2A464FF00009CDE94D
:10B9A00000B33B46FCF7F0FB0F9BC4F854902367B1
:10B9B000109BC4E91A7B6367EFF31182102181F3B6
:10B9C0001288BFF36F8F104E316A3462A16782F321
:10B9D0001188BFF36F8FB8F1000F11D01F224146BD
:10B9E00004F17C0006F08FFF84F89B90B3680BB1E4
:10B9F000D3F8A8302846C4F8A83005B0BDE8F08FC9
:10BA000084F87C80F2E700BFF01200240123037465
:10BA100083810023C0E92733C0F8A830014B986028
:10BA2000704700BFF01200240E4A0346926882421B
:10BA300004D1EFF305820AB900F0A2BAEFF3118145
:10BA4000102282F31288BFF36F8F1A7C12F010025B
:10BA500004D081F31188BFF36F8F7047184600F050
:10BA600043B900BFF012002410B5EFF31184102287
:10BA700082F31288BFF36F8F027CD10604D484F363
:10BA80001188BFF36F8F10BD22F01002027400F016
:10BA9000C1F821460248BDE8104000F0C7B900BF18
:10BAA0004D13002438B50446EFF31185102383F3BA
:10BAB0001288BFF36F8F037C5B070FD5183000F03F
:10BAC0009FFC237C204623F00403237400F0A2F89B
:10BAD00029460548BDE8384000F0A8B985F311882B
:10BAE000BFF36F8F38BD00BF4D130024F0B50025A4
:10BAF00087B004460595109D04950F9D03950E9DF6
:10BB000002950D9D01950C9DDDE912760095FFF7DC
:10BB1000FBFEB6F1FF3F08BFB7F1FF3F05D056EA85
:10BB2000070305D12046FFF7BDFF204607B0F0BD53
:10BB30003A46334604F11800014900F0D1FBF4E71E
:10BB40004F250108084B187868B1EFF3058048B914
:10BB5000EFF311833BB9054B9868054BC01A18BF2A
:10BB600001207047002070474C130024F01200247D
:10BB7000D80B00240A4A6FF00A019368C3F8B41086
:10BB80000849C3F8B0004B6843F080534B60002372
:10BB900083F31188BFF36F8F9368D3F8B4007047B5
:10BBA000F012002400ED00E038B5184CA168E069FF
:10BBB0000B68814214BF1A46002249680B60596025
:10BBC000A368E1692AB9124AC3E900210B60E36165
:10BBD0000AE092F90E5093F90E00854212DD516889
:10BBE000C3E900210B605360A569094B9D4200D059
:10BBF00005B9E568A3689D4202D0284606F050FDCD
:10BC0000656138BD8A42DED01268DBE7F01200249D
:10BC10000813002470B590F91020037C002A2FDB54
:10BC2000D9062DD11A4C63F07F0322460374E169D3
:10BC300052F8183F934207D1C0E900210860E06143
:10BC40000FE09942F8D01B68002BF5D093F90E60F5
:10BC500090F90E50AE42F4DD5968C0E90031086039
:10BC60005860A569954200D005B9E568A3681A7CBB
:10BC7000D20606D1DA897F2A03D9AA690AB9636193
:10BC800070BDAB4202D0284606F00AFD6561F7E7B9
:10BC9000F012002438B590F910200146037C002AE8
:10BCA00004DA03F07F03037406F0E5FB0D4D2A462A
:10BCB000AB6852F8184F944200D004B9EC688B423C
:10BCC00007D01A7CD20604D1DA897F2A01D9A26969
:10BCD0002AB1A34202D0204606F0E2FC23466B6163
:10BCE00038BD00BFF0120024002A2DE9F8430CBF34
:10BCF0004FF010084FF00808027C04460D4618EA81
:10BD0000020F65D148EA0203D2090CD10374B8F1DD
:10BD1000080F7ED1A36813B1204606F0B4FB04F1EE
:10BD2000180610270FE003F07F03037406F0A3FB4F
:10BD3000EDE785F31188BFF36F8FEFF3118587F37C
:10BD40001288BFF36F8F304600F05AFB0B30F0D0F3
:10BD500004F15807A66DB74211D04FF0000976B133
:10BD6000304606F090FB06F11800C6F8B49000F0DB
:10BD700047FB3046FFF74EFFA66DB742EFD1294B88
:10BD80009B689C4245D1EFF30587003F18BF012710
:10BD9000DFF890904B4653F8186F9E4200D00EB9D2
:10BDA000D9F80C60D9F80830B34202D0304606F01A
:10BDB00077FCB8F1100FC9F8146009D0204605F0DF
:10BDC000A8FB204600F0FAF917B11748FFF71EFE4E
:10BDD000144B9B68A3421ED1EFF30583DBB9A28904
:10BDE000D20711D585F31188BFF36F8F83F31188C4
:10BDF000BFF36F8F0423184602DFEFF31185102382
:10BE000083F31288BFF36F8F2846BDE8F843FFF72E
:10BE1000B1BE0027BCE785F31188BFF36F8FBDE883
:10BE2000F88300BFF0120024480D002449B9EFF355
:10BE3000058030B9054B5A699B689A4201D0FFF7DB
:10BE400099BE81F31188BFF36F8F7047F012002401
:10BE500070B50F4D06462B4653F8184F9C4200D044
:10BE600004B9EC68AB681A7CD20604D1DA897F2A5F
:10BE700001D9A2692AB1A34202D0204606F010FCE3
:10BE8000234631466B610348BDE87040FFF7CEBFE3
:10BE9000F01200244D13002470B5EFF31186102327
:10BEA00083F31288BFF36F8F1A4CA168E0690B68A7
:10BEB000814214BF1A46002249680B605960A3688A
:10BEC000E1692AB9144AC3E900210B60E3610AE081
:10BED00092F90E5093F90E00854216DD5168C3E9C0
:10BEE00000210B605360A5690B4B9D4200D005B942
:10BEF000E568A3689D4202D0284606F0D1FB304693
:10BF00006561BDE87040FFF735BE8A42DAD012683D
:10BF1000D7E700BFF012002408130024F8B5DDE9CC
:10BF200006670C461146EFF305833BB1002383F30C
:10BF30001188BFF36F8F0423184602DF0D4B0E4AA2
:10BF400098681060EFF31182102282F31288BFF319
:10BF50006F8F9D68284606F0AFFA32463B4605F1E2
:10BF60001800064900F0BCF92046BDE8F840FFF78C
:10BF700001BE00BFF0120024141300244F25010855
:10BF800070B5EFF31186102383F31288BFF36F8F20
:10BF9000037C0D4D03F07F0343F01003037406F0A0
:10BFA0006AFA2B4653F8184F9C4200D004B9EC684B
:10BFB000AB689C4202D0204606F072FB30466C61B2
:10BFC000BDE87040FFF7D6BDF0120024F8B550EA86
:10BFD000010305460C4603D106F04BFA0020F8BDDC
:10BFE000EFF31187102383F31288BFF36F8F144E82
:10BFF000144BB0681860FFF74DFEB0682A46234620
:10C000001149183000F06CF9B36804461A7CC3F883
:10C01000B07042F004021A746FF00A02C3F8B42040
:10C020000A4A536843F080535360002383F3118816
:10C03000BFF36F8F06F03BFB201A20EAE070CEE7DB
:10C04000F0120024141300244F25010800ED00E035
:10C05000024B03F11802C3E906227047F0120024D4
:10C06000EFF31181102383F31288BFF36F8F054B19
:10C070009A68D37B013BD37381F31188BFF36F8F31
:10C08000704700BFF0120024EFF31180102383F3F8
:10C090001288BFF36F8F034B9A68D37B0133D3733E
:10C0A000FFF7D6BEF0120024014B9868704700BF1E
:10C0B000F0120024027C034612F01F0210D10A493C
:10C0C00088420DD00949086868B1D9897F2909D803
:10C0D00093F90E20064B1B689A42B8BF00207047A8
:10C0E0000020704710467047D80B002440020024FF
:10C0F00018130024044B0122C01A044BC0105843EB
:10C10000034B1A54704700BF000E0024ABAAAAAA22
:10C110004D130024F8B50B4B04460B4D1E7C182321
:10C120000A4F03FB0655284600F06AF934B1BB5D9F
:10C1300028460749E21AD31700F0D2F80023BB556E
:10C14000F8BD00BFF0120024000E00244D1300249F
:10C15000F5C00008F8B5EFF31187102383F31288B8
:10C16000BFF36F8F124E134BB5681868A84206D103
:10C1700006F096FA87F31188BFF36F8FF8BD00229F
:10C180001A60337C0C4AD35C002BF3D02846FFF7AF
:10C1900091FF04460028EDD02B7CDB06EAD1FFF7A7
:10C1A00003FD7369AB42E5D12046FFF7B3FFE1E73A
:10C1B000F0120024141300244D130024EFF3118116
:10C1C000102383F31288BFF36F8F0A4A136A8342E6
:10C1D00007D19B6F136281F31188BFF36F8F704794
:10C1E0001346002BF7D09A6F8242F9D1826F9A677B
:10C1F000F1E700BFF0120024F8B505460E46EFF354
:10C200001187102383F31288BFF36F8F064B1C6ACC
:10C2100024B987F31188BFF36F8FF8BD20463146EC
:10C22000A847A46FF4E700BFF0120024F8B5064653
:10C230000F46EFF31183102282F31288BFF36F8F42
:10C240000B4915460C6A24B983F31188BFF36F8F2D
:10C25000F8BD83F31188BFF36F8F39462046B0478E
:10C26000EFF3118385F31288BFF36F8FA46FEAE7B2
:10C27000F0120024024B1868984208BF0020704753
:10C280004402002408B502466FF00041FFF7F2FFB8
:10C29000C8B18A4215D2D0E90230B0F1FF3F08BFE1
:10C2A000B3F1FF3F03D16FF00040801A08BD8B420D
:10C2B00070F1000001DB0548F7E79A4201D2981AB5
:10C2C000F4E70020F2E78A42EDD3EFE7FEFFFF7FBD
:10C2D000024B186808B1FEF7CFBF70474C0200242C
:10C2E000B3F1FF3F08BFB2F1FF3F2DE9F84F04461D
:10C2F0009A46154698467AD00161EFF311871023CC
:10C3000083F31288BFF36F8FBAF1000FDFF8E49068
:10C3100023DBFFF7DDFF384B06461A68003A18BFEB
:10C32000012245194AF100035219D9E9005143F19C
:10C330000003551943EB01080121DFF8C090C4E95F
:10C340000223FFF797FFD9F804A0D8B9C4E9009AEF
:10C35000CAF80040C9F8044026E0D9E900136FF09C
:10C360000102521A4FF0FF3161EB0303521B63EBE2
:10C370000A03012A73F100014FF00001BCBF012242
:10C380000023DAE7D0E9022ED4E9023C93427CEBA9
:10C390000E0B23DAD21A6EEB0C03C0E902234368BA
:10C3A000C4E900031C604460FFF764FF84420DD1C0
:10C3B000114B1B68013309D111B9FFF789FF0646FC
:10C3C0003046FFF75FFF0021FEF7F6FE87F3118886
:10C3D000BFF36F8F28464146BDE8F88F9B1A6CEB80
:10C3E0000E025045C4E90232B0D00068ADE7002526
:10C3F000A846EFE7180E00244C0200244402002453
:10C40000F8B50446EFF31186102383F31288BFF3C7
:10C410006F8F026872B3FFF72DFF184B5B689C4269
:10C4200008D0D2E90231D4E90275DB1941EB0501EC
:10C43000C2E90231D4E900320025844213605A6017
:10C44000C4E900550ED000200D4A136823F0010105
:10C450008C4204BF43F00103136086F31188BFF3DD
:10C460006F8FF8BDFFF734FFFFF70CFF2946FEF78B
:10C47000A3FEE8E76FF01500E6E700BF44020024E2
:10C480001C130024EFF31182102383F31288BFF3EF
:10C490006F8F064B40F001001B681B1A5842584131
:10C4A00082F31188BFF36F8F704700BF1C13002405
:10C4B0002DE9F0470023344E344D0C46DFF8D09080
:10C4C000344F30602B60D6F80080B8F1000F10D1E7
:10C4D0004FF0FF3340462B60FFF7D4FE4146FEF796
:10C4E0006BFE84F31188BFF36F8FBDE8F047FFF751
:10C4F00031BEFFF7BFFE6FF0004330B1D0E902124A
:10C50000994272F10002B8BF0B464345194684BFF9
:10C51000434641464FEAE37C38B18268D0F80CE0EC
:10C52000D21A6EEB0C0EC0E9022ED9F80020A8EB4F
:10C5300001014FF0000A4FF01008D218D9F804306A
:10C54000316043EB0C03C9E90023FFF793FE002899
:10C55000B9D0D0E902120A43B5D13860D0E9002140
:10C560000A6051600269C0E900AA84F31188BFF330
:10C570006F8F9047EFF3118488F31288BFF36F8FAA
:10C58000C7F800A0E1E700BF201300244C020024FC
:10C59000180E00241C13002410B5EFF3118410238F
:10C5A00083F31288BFF36F8FFFF792FE054AD2E93B
:10C5B0000031C01841F1000184F31188BFF36F8F7F
:10C5C00010BD00BF180E00242DE9F0410446EFF322
:10C5D0001186102383F31288BFF36F8F03682BB18A
:10C5E00086F31188BFF36F8FBDE8F081FFF74AFF34
:10C5F00007460028F4D1D4E90A586A1C48F1000320
:10C60000022A73F1000324D306F055F8281848EBEA
:10C610000101012871F1000142DB06F04CF86FF0D6
:10C620000203281848EB010183426FF000438B415D
:10C630003BDB06F040F86FF001022D1848EB0103D8
:10C64000521B4FF0FF3161EB03031A492046FFF7FD
:10C6500047FE236B01332363236A63B186F311889A
:10C66000BFF36F8F20469847EFF31186102383F3B3
:10C670001288BFF36F8F54F8185FA542B0D0002D19
:10C68000AED0284605F03EFF0023C5F8B43086F34F
:10C690001188BFF36F8F2846BDE8F04105F0FDBE5D
:10C6A0006FF001024FF0FF33CFE73A464FF00043FF
:10C6B000CBE700BFC9C50008B3F1FF3F08BFB2F127
:10C6C000FF3FF8B5044616461D4618D0EFF3118714
:10C6D000102383F31288BFF36F8FFFF791FE0023BF
:10C6E000324623632B46DDE90601C4E90A012046F0
:10C6F0000349FFF7F5FD87F31188BFF36F8FF8BD8E
:10C70000C9C5000870B50546EFF31184102686F3FD
:10C710001288BFF36F8FFFF773FE20B184F3118887
:10C72000BFF36F8F70BD6B6A63B184F31188BFF381
:10C730006F8F6B6A28469847EFF3118486F312884F
:10C74000BFF36F8F05F1180005F016FF0028E5D044
:10C7500005F0A3FE21460248BDE87040FFF766BB26
:10C760004E13002473B50446EFF31186102383F3B0
:10C770001288BFF36F8F8368594003EA02050A40AD
:10C780000A495340002200936B46019205F054FF82
:10C7900004F10C003146DDE9003223EA0203A36014
:10C7A000FFF744FB284602B070BD00BFEF27010829
:10C7B000F8B5504A0D460023D0E90001F4F720FDFA
:10C7C000002AAEBF4C4B4D4B02F5A8320446B8BF11
:10C7D00002F5C072E41841F100064FF46161B2FB4A
:10C7E000F1F301FB13223C21E01CAB60B2FBF1F33F
:10C7F00001FB13226B602A6046F10001072200232F
:10C80000F4F7FEFC002A55DA0732AA613C483D4A9B
:10C8100020184FF0000366F10001F4F7F1FC394BEA
:10C8200003FB104448F6AC61B4FBF1F1214440F243
:10C83000B457B4FBF7F3C91A334BB4FBF3F3C91A7B
:10C8400048F69463B1FBF3F3234440F26D16B1FB59
:10C85000F6F2B1FBF7F15B1A06FB1233992103EBF9
:10C86000830402345E1CB4FBF1F7794302314FF0CC
:10C87000050CB1FBFCF1761A40F2F9518C428CBFE9
:10C880006FF0090102214FF4C874394404FB002001
:10C89000012998BF0130B3F5997F13D3A3F599739C
:10C8A000EB61A0F26C700023C5E90410EE602B620E
:10C8B0002846F8BD002EAA61A8DB124A00232046B4
:10C8C0003146AAE7970710D14FF0640C92FBFCF7B2
:10C8D0000CFB17275FB992FBF4F704FB1722B2FA9F
:10C8E00082F252093B331344DAE70022FAE70122CD
:10C8F000F8E700BF805101006CFA0A006BFA0A00E9
:10C9000050C5FDFFB13A0200B03A02000CB430B598
:10C910008BB004460D462022002102A805F0BCFF82
:10C9200002238DF80A30002D0C4B0393069412DB82
:10C9300001D06B1E1C440FAA0E99079402A8019205
:10C9400000F07EFB15B1069B00221A700BB0BDE80B
:10C95000304002B070470024EDE700BF5D2E0108B3
:10C960002DE9F047002380460F4618F803C0BCF1BC
:10C97000200F03F1010200F06081ACF109010429EC
:10C9800040F25B81BCF12B0F144630D0BCF12D0F6F
:10C9900032D000264CF02003692B2FD06E2B57D0BD
:10C9A00000214FF00A098E460B460D4616F4006032
:10C9B00061D04CF02002A2F1610ABAF1050F5AD8F9
:10C9C000573AD2B24A455BD34CF0200CBCF1780FF9
:10C9D00006F0800240F08F80002A49D0002D40F000
:10C9E0008C8046F4006080B24FF0100972E000269F
:10C9F00018F802C09C1CCDE74026F9E7904B4FF099
:10CA0000FF4513F8011B51B118F8042042F0200231
:10CA10008A4204F101001ED08A4A934228D1284656
:10CA200006F088F950B118F80430282B06D10134EB
:10CA300018F80430292B04F101040ED1730601D536
:10CA400005F100450FB144443C602846BDE8F0873D
:10CA50007D4B7E4DD5E70446D3E723F02002413AD3
:10CA6000192AE5D9A3F13002092AE1D95F2BDFD0D9
:10CA700000250024E6E7ACF13002D2B24A4530D2BC
:10CA800046F0800016F4807C80B21CD1B9F10A0F08
:10CA900014BF4FF0070A4FF0080AD64507DCB60569
:10CAA0001DD405FB0925ADB10EF1010E12E046F4CF
:10CAB000C070B9F10A0F80B205D1042A03D9052A42
:10CAC00008BF62460223002A18BF43F0010386050F
:10CAD00000D4013118F804C00646013466E7013974
:10CAE000DFE7FE2A7FF470AFB2053FF56DAF46F485
:10CAF000007080B2EEE7002ABAD0002860D089002A
:10CB00007022624519D118F804202B2A04F1010083
:10CB100004D02D2A56D146F48066B6B218F800C06B
:10CB2000A01C14466246A2F1300CBCF1090F4CD98E
:10CB300001340CBF00F1FF34841E013C002D7AD07B
:10CB4000320562D51931B5F1007F55D3B5F1806F4B
:10CB500055D211F17E0F52DB2B4303F00302032A5F
:10CB600003D003F00602062A05D10433B3F1806F27
:10CB700024BF5B0801317F295ADCB3F1007F4FEA03
:10CB8000930526BF7F3125F40005002145EAC155F4
:10CB9000284601F099FD0138022804D8FBF7C0FBB4
:10CBA0002B4B22221A50284601F08EFD0138022814
:10CBB0003FF644AFFBF7B4FB254B22221A503DE76A
:10CBC00065229EE74FF0FF34ADE700244FF00A09DD
:10CBD000DF2CDCBF303A09FB042418F80020A2F156
:10CBE000300CBCF1090F00F10100F1D9720548BF0A
:10CBF000644221440446A0E76D000139A3E705F033
:10CC0000010242EA55050131A0E78E441EF12D0FC5
:10CC10000CDBBEF1270F0BDC05F0010018430130DF
:10CC200005EB900005F0CBFE0546BCE70025BAE712
:10CC30004FF0FF45B7E7002500E7134695E600BF34
:10CC4000CF790108D2790108CC7901080000C07FB2
:10CC50000C000000242A2DE9F041054601D8012AE4
:10CC60000AD1FBF75DFB344B16221A5001B10D605F
:10CC70000020BDE8F0813046064616F8014B202C16
:10CC8000F9D0A4F10907042F2346F4D92B2C32D074
:10CC90002D2C33D14FF0010C3378861C302B34D13E
:10CCA000307840F0200078282BD132F0100028D1C5
:10CCB00073783546102202360CF10047013F002000
:10CCC000B7FBF2FE02FB1E78392B82BF03F1FF3364
:10CCD00043F02003263B303B9A421DD9704502D8D1
:10CCE00017D1984515D24CF0020C3446354614F84D
:10CCF000013B2646E8E74FF0000CCDE74FF0000C73
:10CD0000CCE7002A08BF0822D6E7002A08BF0A227B
:10CD1000D2E700FB0230E8E701B10D601CF0010F23
:10CD200018BF40421CF0020FA3D0FBF7F9FA024BE8
:10CD300022221A5038469CE70C000000242AF0B545
:10CD4000044601D8012A40D1FBF7EAFA2D4B1622FE
:10CD50001A5001B10C600020F0BD2F463D4615F879
:10CD6000010B2028F9D0A0F10906042E0346F4D9BE
:10CD70002B282CD02D282CD101262B78BD1C302B14
:10CD80002DD1287840F02000782824D132F01000EE
:10CD900021D16B782C46102202350020392B82BF1E
:10CDA00003F1FF3343F02003263B303B9A421AD96C
:10CDB000A0FB02040CB9C01801D346F002062F46AE
:10CDC0002C4617F8013B3D46E8E70746C6E7002634
:10CDD000D3E70026D3E7002A08BF0822DDE7002AB0
:10CDE00008BF0A22D9E701B10C60F20748BF4042F0
:10CDF000B307B1D5FBF794FA024B22221A504FF039
:10CE0000FF30A9E70C000000242AF0B507460D46C4
:10CE100001D8012A0AD1FBF783FA404B16221A5097
:10CE200005B12F6000200146F0BD3046064616F8D9
:10CE3000011B2029F9D0A1F10904042C0B46F4D9D7
:10CE40002B293DD02D293ED14FF0010C3378861C83
:10CE5000302B3FD1317841F02001782936D132F0A2
:10CE6000100133D173783746102202360020014674
:10CE7000392B82BF03F1FF3343F02003263BA3F19C
:10CE80003004A24236D94FF0000E39BBA0FB02732A
:10CE900038461946BEF1000F0AD13F1953F100037D
:10CEA00028BF4FF0010E38461946BEF1000F01D0E1
:10CEB0004CF0020C3446374614F8013B2646D7E7BF
:10CEC0004FF0000CC2E74FF0000CC1E7002A08BF8A
:10CED0000822CBE7002A08BF0A22C7E7A2FB0131DC
:10CEE000A0FB02701B1841F100010029D0D04FF0C7
:10CEF000010ECDE705B12F601CF0010F02D04042BA
:10CF000061EB41011CF0020F8ED0FBF709FA034BD5
:10CF100022221A504FF0FF3085E700BF0C000000BE
:10CF20002DE9F0410126B24201DCBDE8F08107465F
:10CF30003B461F4613F8014B002CF6D0252CF8D1A8
:10CF40001D78252D07F10207F2D00023DFF8EC80D1
:10CF50009C461C461F2C27D8A5F1200EBEF1100FB1
:10CF600006D828FA0EFE1EF0010F53D12E2D3CD00C
:10CF70002E2D27D8242D33D02A2D36D0BCF1000FEA
:10CF8000D3D0B445D4D145F02007A7F1650CBCF14E
:10CF9000020F0B6801D9612F42D1073323F0070339
:10CFA00008330B600136BEE77F2CDFD96C2D23D010
:10CFB0001DD8682D27D06A2D01D04C2DDED144F428
:10CFC000207408E0A5F1300EBEF1090FEED80A2456
:10CFD00004FB03E3202417F8015B002DBAD1CDE751
:10CFE000BCF1000F18D0B34218D00023F3E7742D22
:10CFF000F1D07A2DEFD0C1E7250648BF44F4007484
:10D0000044F08004E7E7E50548BF44F4007444F4C5
:10D010008074E0E70024DEE79C46E6E76325B2E79C
:10D02000692D02D007D8632D03D0250601D5A405AC
:10D03000B3D40433B5E7732DF6E700BF89280100A8
:10D040002DE9F04F8378D0F8049093B09C07CDE998
:10D050000812804615D50B920B460025187890B122
:10D06000252814D0013306934146C847002805F10E
:10D07000010580F2F88398F8023043F0040388F841
:10D0800002304FF0FF35284613B0BDE8F08F93F81B
:10D0900001A09A1CBAF1250F0692E5D04FF0000BC3
:10D0A0005E465F465C461F2C23D8AAF12003102B56
:10D0B00022D8DFE803F01521211B2121210B21219A
:10D0C000211321182121090044F00104069B13F8C3
:10D0D00001AB0693BAF1000FE5D11BE044F0020466
:10D0E00044F00404F2E744F00804EFE744F01004CD
:10D0F000ECE77F2C00F2F680BAF12E0F00F0D3801F
:10D1000000F2AC80BAF1240F00F0D380BAF12A0FFC
:10D1100000F0B480BBF1000F06D0099B08980B9378
:10D120005A460BA9FFF7FCFE002E4AF02003B8BFB9
:10D1300024F040040493A3F16503BCBFA4B200260D
:10D14000022B04D94AF02003612B40F08C826FEA55
:10D150000A0A0AF0200307930B9B073323F0070307
:10D1600003F108020B92049A612AD3E9000104F04A
:10D17000400340F0E480002B08BF4FF0FF36079BD0
:10D1800000930CAA334605F0E3FD0130C3B2B3426D
:10D190000393A8BF03F1FF364FF0010C7023CDE9D4
:10D1A000043CDDF830A044F4C0540AF10903122B0A
:10D1B0000DD90AF16303C62B40F2F3800AF2E7337C
:10D1C00040F2CE7293428CBF0423032305939DF853
:10D1D0003430D80700F1E780A20700F1E780C4F3FC
:10D1E000800B4FEA4B1B5FFA8BFB13F00C0F00F028
:10D1F000E980BBF1000F0CBF03230423BB420EDA0E
:10D200002007A7EB03070BD42F4441462020C84733
:10D21000002805F10105FFF62EAFBD42F5D100272C
:10D22000BBF1000F07D041465846C847002805F11A
:10D230000105FFF620AF9DF83430AE4C13F0080F17
:10D24000AD4B08BF1C462646324616F8010B002897
:10D2500040F0AF802C1B02EB040B7BE1AAF1300302
:10D26000092B3FD814F0400F4FF00A0212BF02FB07
:10D27000063602FB073744F0200427E7BBF1000F16
:10D280007FF424AF0B9A600652F8043B0B9201D551
:10D290001E461BE7002BA7BF44F020041F465F4239
:10D2A00044F0280412E763063FF5EDAE44F0400475
:10D2B0000CE7BBF1000F3DD014F0400A099B089821
:10D2C0000B930CBF3A4632460BA9FFF729FE0B9B86
:10D2D00053F8042B0B93BAF1000F01D01646F5E674
:10D2E0001746F3E6BAF16C0F16D00CD8BAF1680FF6
:10D2F00019D0BAF16A0F03D0BAF14C0F7FF40AAF1C
:10D3000044F42074E2E6BAF1740F3FF4DFAEBAF1F0
:10D310007A0F3FF4DBAEFDE6200648BF44F400740C
:10D3200044F08004D2E6E30548BF44F4007444F4BA
:10D330008074CBE65E463446BB463746C6E6002BD5
:10D34000049B08BF0626652B0FD1721CD2B244F491
:10D3500080541346112A4FF0650E4FF0000228BF8B
:10D3600011239446CDF810E007E0049B662B10D102
:10D3700044F40054B44601221123CDE9002C0CAA38
:10D3800000F01CFBC3B203930223DDF830A0059329
:10D390000BE716F0FF02DCD16523049394460123CA
:10D3A000EBE7022312E74FF02D0B1EE74FF02B0B9C
:10D3B0001BE7079BC01A4146C0B2C8470028BFF60A
:10D3C00043AF58E614F4405F40F09880039B483325
:10D3D000002E6B4408BF0126133B039A1AB113F8C1
:10D3E000012D302A78D014F0100F039B18BF33465C
:10D3F0001AF1040F75DBB24573DA534544F4005457
:10D400007FDD0AF101069E1B2AEAEA730133BBF1B4
:10D41000000F00D00133002E75D0721C13449F42C0
:10D42000CCBFFF1A002714F0090F03D12F44BD42CF
:10D430006DD10027BBF1000F07D041465846C847C1
:10D44000002805F10105FFF616AE230511D541466A
:10D450003020C8470028FFF60EAE079BC3F17800C6
:10D46000414600F0F800C847002805F10205FFF624
:10D4700002AE200704D4AB467D195D454FD100278D
:10D48000A1046AD52AEAEA73AAEB030A7642039A50
:10D49000524584BF0CAA524403F1FF338CBF50792C
:10D4A00030209E4205F1010B41DC41460493C84700
:10D4B0000028049B0AF1010AFFF6DDAD5A1C09D1D0
:10D4C00041462E200493C8470028FFF6D4AD049BA4
:10D4D00005F1020B5D46DAE7039A013AD2B20392F4
:10D4E0007BE75E1E14F4006F059A14BF0523032327
:10D4F00013448CE759790108AA570108A10483D481
:10D50000F0E7002680E7E20648BF013387E741469F
:10D510002020C847002805F1010588DAABE541461F
:10D520003020C84700280BF1010BA6DAA3E54146DD
:10D530000393C8470028FFF69EADE6060AD5039B75
:10D54000013307D105F1020B41462E20C8470028C0
:10D55000FFF691AD5D465F4418E29DF83500414607
:10D56000C8470028FFF687AD002E61DD41462E201A
:10D57000C8470028FFF67FAD01240CAB039AA242F6
:10D58000CABFE218302050794146C8470028A34658
:10D59000FFF671AD0134A6420CABEFDAAC1C5C4473
:10D5A000049B079A981A4146C0B2C8470028FFF664
:10D5B00062ADBAF1000FB4BF2D202B204146B8BF99
:10D5C000CAF1000AC8470028FFF655AD059B042B99
:10D5D0003AD14FF47A76BAFBF6F505F130004146C0
:10D5E000C0B2C847002804F10304FFF644AD06FBAF
:10D5F00015AA6426BAFBF6F505F130004146C0B223
:10D60000C847002804F10104FFF635AD06FB15AA52
:10D610000A26BAFBF6F505F130004146C0B2C8470C
:10D62000002804F10104FFF626AD06FB15AA13E05D
:10D63000E40601D46C1CB3E741462E20C8470028FD
:10D6400005F10204ACDA16E5059B032B04F1020494
:10D65000CFD0059B012BDBD10AF1300004F1010B87
:10D660004146C0B272E7AAF16303122B00F2E580D3
:10D67000DFE813F013005400E300E300E300E300ED
:10D680005400E300E300E300E300E300FC00DD00FE
:10D69000E300E3002900E300AB000B9B1A1D1B68AD
:10D6A0000B928DF8303001260DF1300A20072CD571
:10D6B0000AEB060B54465C4529D1A5EB0A0A04EB9C
:10D6C0000A0BBF1B46E70B9B1A1D0B92D3F800A059
:10D6D000A94BBAF1000F08BF9A4614F0400F14BFCF
:10D6E00031464FF0FF31504605F020F90646DDE7A0
:10D6F00041462020C8470028FFF6BDAC013CA642A9
:10D70000F6D32F443D1B2746D2E73C46F7E714F8F3
:10D71000010B4146C8470028CDDAACE421060B9B3B
:10D7200032D5A2052BD5073323F00703D3E9000137
:10D7300003F108020B9224F0100B00291FFA8BFB57
:10D7400032DA404261EB41014BF4806B0CAC0A23AE
:10D75000224605F00DF91BF0400FA0EB040200F08B
:10D760009C802BF0010396429BB240F39F80BAF15C
:10D77000000F40F09D802BF011039BB21FE01A1D9B
:10D7800018680B92C117D6E71A1DE00519680B92AD
:10D7900001D40846F6E7A2054BBF48B208B241F3F0
:10D7A000C01141F3C031C6E750EA0103CED1630690
:10D7B000CCD5002ECAD124F01104A3B2324634468F
:10D7C00040F206410B426FD126E024F01004A4B2CF
:10D7D0000A2314F0800C0B9A4CD014F400711DBF76
:10D7E000073222F0070202F10801101D19BF0B9148
:10D7F000D2E900010B90106850EA010247D124F0F1
:10D80000160B62061FFA8BFB45D5002E43D124F080
:10D810001704A3B23246344619075FD4D90704D59A
:10D82000A74272DD3C1BA6183C46A34650E044F0DC
:10D83000100410234FF0780ACBE74AF02003782B2E
:10D8400004D1CAF1780343F01003C2E74146252012
:10D85000C8470028FFF60FAC41465046C84700288D
:10D86000FFF609AC0235069BFFF7F8BB08234FF023
:10D87000000AAEE7111D0B9114F480711068BBD043
:10D8800014F400711ABFC0B2614680B2B4E724F04C
:10D8900006041FFA84FB0CAC5AE714465B46D90613
:10D8A0008ED5BAF1000F05D10134B5E71446F6E77D
:10D8B0003446F4E70234AFE741462020CDE9033295
:10D8C000C8470028FFF6D7ABDDE903320BF1010BA7
:10D8D0005F45F1DC2C1B04EB0B055C46D90616D525
:10D8E000414630200392C8470028FFF6C4AB039A94
:10D8F000BAF1000F32D0023541465046C8470028E1
:10D90000039AFFF6B8AB2E441DE016468DE740F2B1
:10D9100006410B42F7D013F0020F14BF2B2020203A
:10D9200013F4806F039205F10105414618BF2D20C5
:10D93000E4E7414630200392C8470028039A05F1E6
:10D940000105FFF698AB731B9A42F2DB16460DF108
:10D95000300A2EB902EB050B3F1BFBE50135D2E780
:10D96000013E41461AF806000392C8470028039A70
:10D97000EFDAFFF780BB00BFC35401084146202007
:10D98000C847002805F10105FFF675AB7B1B002B8E
:10D99000F4DC68E71FB502AB0093074A4FF0CC33C5
:10D9A00005F085F9DDE90201C00840EA4170C908C7
:10D9B00005B05DF804FB00BFCDCCCCCC2DE9F04F19
:10D9C0009BB00F0D0A939DF8903005920C93C1F314
:10D9D0000A52C1F31303C90F044607917AB950EAFA
:10D9E00003017CD1059930234B71079B0A6043F0FA
:10D9F00002030B71012630461BB0BDE8F08F40F2E8
:10DA0000FF718A420AD10343079B059A14BF43F072
:10DA1000080343F0040313710026ECE7A2F2354A31
:10DA200043F48015234301BF27F001077F057F0DD5
:10DA3000B7FA87F704F001024FEA85080CBF7F09A7
:10DA40000127BAF1000F089248EA94784FEA840659
:10DA5000C0F2B680504600F0EDF9BAF1030FC8BF2E
:10DA60000138049000F000FA049B7C30A3EB0A0A12
:10DA7000824416A9184600F08BFA12AB019310AB42
:10DA80000093204653462946029716AA05F01DF832
:10DA9000049B152B04460D4600F28E8014ABA94A58
:10DAA000009330464FF0CC334146DDE9109A05F043
:10DAB000FEF8149B159A9B0843EA827303EB8303D9
:10DAC000B34210D14146304600F0D6F9049B834260
:10DAD0008CBF4FF000084FF00108002715E0DFF879
:10DAE00068A21D469EE7089B002B55D1013E48F1D8
:10DAF000FF31F01B61F1000100F0BEF9049BDDF87D
:10DB0000208083428CBF002701270C9B002B40F014
:10DB1000C880DDF828900026069609964FF00A0B7B
:10DB2000DDE91001FFF736FFDDE912A3CDE90D01B4
:10DB3000194650460F93FFF72DFF0A460D990B909B
:10DB400003468B420E9B72EB03010F9B80F0C48057
:10DB5000204629460F92FFF71DFF0B9B0F9A139249
:10DB60000BFB03F50D9B10930E9B11930B9B1293D4
:10DB7000069B002E14BF4FF0000808F00108013387
:10DB80000BFB1046554514BF002707F00107F6B2FE
:10DB9000069304460D46C3E7B01C48F1000100F0AF
:10DBA0006BF9049B83428CBF00200120B9EB00007D
:10DBB0006AF10002CDE910024FF000084746A4E7E1
:10DBC000CAF1000B584600F03BF9BAF1FF3F0CBF19
:10DBD0008146A0F10109ABEB090B0AEB090358469A
:10DBE000049300F041F916A9A0F17D0A584600F00F
:10DBF0005BF912AB0193A9EB0A0A10AB0093204624
:10DC000029460297534616AA04F05FFFB9F1010FA7
:10DC100004460D460ED8089B13B94FF0010874E76F
:10DC2000109B119A013B42F1FF32CDE910324FF0C7
:10DC3000010852E7B9F13E0FBED84FF0FF33A9F10A
:10DC4000200003FA09F203FA00F0C9F1200123FAD7
:10DC500001F102430A4303FA09F328EA020826EA1B
:10DC6000030656EA08060CBF4FF001084FF0000803
:10DC700033E700FB02F6A1FB0012013332448C4271
:10DC800075EB0206F5D2049ADDF828901344259A24
:10DC90001344D20F9342B8BF13469945A8BF994683
:10DCA00039E70A21002201230846E8E70BFB01FEC1
:10DCB000A0FB0B010CF1010C7144844275EB010EC9
:10DCC000F4D2CC450DDDB9F1000F02D154EA0501C3
:10DCD00007D0012309933BE70A2000214FF0010CF4
:10DCE000EBE7002F32D04FF00A0B50461946FFF7F2
:10DCF00051FE0BFB00F252450B910E9026D1DDE94F
:10DD00001001FFF747FE8A460D9029462046FFF78F
:10DD100041FE0D9A0E9B1293CDE9102A0B9A139295
:10DD2000069A002E14BF4FF0000808F001080132D7
:10DD30000BFB10469A46F6B20B9B069204460D4624
:10DD4000D3E700BFCDCCCCCCCCFBFFFFB8F1000FAC
:10DD500005D0052E03D104F001060436F6B2069B69
:10DD6000DDF810809844099B53B9DDE912239D42E8
:10DD700008BF944204D1089B002B47D1002F45D007
:10DD8000042E94BF0026012630194FF00A0245F1F7
:10DD90000001002301271446904271EB030537D29E
:10DDA000EEB1B9451BDA0C9B6BB1259ADDF82890D2
:10DDB00008EB07031344012BB8BF01239945A8BF03
:10DDC00099464F450BDD05304FF00A024FF0000336
:10DDD00041F10001F3F764FA08F10108013F4F45F2
:10DDE000A8BF4F463EB20FFA88F8059B08FA87F79E
:10DDF00006F10508013F98444FF00009B1450EDBDC
:10DE0000059B1A461F60079B1371F4E50126BBE7CB
:10DE100004FB03F5A2FB042301372B44BCE70A22D1
:10DE20000023F3F73DFA303208F8012D09F101091A
:10DE3000E4E700BF014B5843800C704741340100B8
:10DE4000014B5843000D7047FB2E0B00014B58430C
:10DE5000C00C70474F931200024B5843C00C013066
:10DE6000704700BF4F931200024B5843C00C013063
:10DE7000704700BF4F9312000A4A70B503464FF037
:10DE8000CC3600204FF0333506FB03F402FB01448F
:10DE9000A3FB023121449D4275EB010401D3013003
:10DEA000F2E770BDCDCCCCCC2DE9F04F1A23354E26
:10DEB000B0FBF3FA03FB1A0389B004460D4606EBE8
:10DEC0000A1653B9D6E90023C1E90023D6E90201B5
:10DED000C5E9020109B0BDE8F08F2B4A02EBC3038C
:10DEE000D3E9008904AB0093D6E9022340464946B2
:10DEF00004F0DDFE06AB0093D6E9002383460F460F
:10DF00004046494604F0D3FEDDE9066216EB0B06F7
:10DF100052EB07084FF0000328BF0123814633B1BD
:10DF2000049B059A013342F10002CDE904322046F8
:10DF30000391FFF799FF07461A2000FB0AF0FFF74D
:10DF400093FF3F1A3246434603990097484604F030
:10DF5000C5FE4FEA141C0D4A640004F01E0352F87B
:10DF60002C40DC4004F00304241841F10001C5E911
:10DF70000041DDE9042300973046414604F0AEFE3F
:10DF8000A6E700BF383B0108683A0108904901083C
:10DF90002DE9F04F1A27DFF8E4A000F11905B5FBD1
:10DFA000F7F56F433A1A4FEA051B89B004460E464F
:10DFB0000AEB05150AD1D5E90023C1E90023D5E90B
:10DFC0000201C6E9020109B0BDE8F08F2C4B03EB5A
:10DFD000C203D3E9008904AB0093D5E9022340468C
:10DFE000494604F064FE5AF80B206B68013ACDE90B
:10DFF000020106A963F1000300914046494604F07E
:10E0000056FEDDE906528A4602996D18039952EBD5
:10E0100001084FF0000328BF0123814633B1049B60
:10E02000059A013342F10002CDE904323846FFF788
:10E030001BFF07462046FFF717FF3F1A2A464346B5
:10E0400000974846514604F049FE4FEA141C0D4A19
:10E05000640004F01E0352F82C40DC4004F003047A
:10E060000134241841F10001C6E90041DDE904232F
:10E0700000972846414604F031FEA2E7083C01081B
:10E08000683A0108E4490108534A8A432DE9F041FE
:10E090000B4606460F4616D1002908DA04F03DFE6D
:10E0A00028B930463946BDE8F04100F0C1BA3246E1
:10E0B0003B4630463946F2F7E9F806460F46304609
:10E0C0003946BDE8F0810029044615DC21F0004204
:10E0D0000243F4D00029E6D10022002B73D00021A6
:10E0E000D80274D5481E121A21B1C1F1200024FAB9
:10E0F00000F003438C4001E00A15EDD0C3F3130395
:10E10000A2F2FF3543F48013D2075CBF5B0003EB40
:10E11000D4734FEA430358BF6400002203EBD47367
:10E120006D1064004FF0160E17464FF4001178186A
:10E130009842DEBF1B1A471852185B00BEF1010E51
:10E1400003EBD4734FEA51014FEA4404EFD1F44694
:10E1500020264FF00041BB4201EB0E0002DC12D141
:10E16000A04210D8002800EB010E33DABEF1000FF8
:10E1700030DB07F10108DB1BA04288BF03F1FF334E
:10E18000241A8C4447465B00013E03EBD4734FEAEC
:10E1900051014FEA4404DED1234308D0BCF1FF3FD4
:10E1A00013BF0CF101030132B44623F0010C5110EE
:10E1B00001F17F5101F500114FEA5C0301EB0557B6
:10E1C00043EAC2767BE7E30A153A640585E75B001C
:10E1D000013185E7B846CEE70000F07F07B5184A61
:10E1E00020F00043934205D8002103B05DF804EB12
:10E1F00000F09CBAB3F1FF4F04D303B05DF804EB19
:10E2000000F08CBA694600F06DF800F00302012AB4
:10E210000098019907D0022A0AD062B900F086FA64
:10E2200003B05DF804FB00F097FD00F10040F7E754
:10E2300000F07CFAF9E7012200F08EFDF0E700BF64
:10E24000D80F493F30F0004270B50146034604D173
:10E25000BDE87040012000F059BA002803DABDE89B
:10E26000704000F05BBAB0F1FF4F02DBF2F7B4FC94
:10E2700070BDB0F5000F2DDA4FF09841F2F7B4FD04
:10E280006FF018020346D8157F381044C60F00EB14
:10E29000D070C3F31604F2F753FD0546C6F17F00B4
:10E2A00044EAC050F4F730FC0B4906462846F2F722
:10E2B0009BFD0A4904463046F2F796FD014620468A
:10E2C000F2F78AFC064904462846F2F78DFD01461E
:10E2D0002046CBE70022D6E7DB275435D95BDE3E6C
:10E2E00080209A3E2DE9F04FA34A20F00046964246
:10E2F00089B00C46824604D8002308604B60002792
:10E300001DE09E4A96424FD820F0004500289C49C7
:10E310009C4F25F00F0524DDF2F75CFCBD4206465C
:10E3200011D09949F2F756FC014605463046F2F7FE
:10E3300051FC9549F2F74EFC012725606060384694
:10E3400009B0BDE8F08F9149F2F744FC90490646C8
:10E35000F2F740FC014605463046F2F73BFC8C499B
:10E36000E8E7F2F739FCBD4206460FD08649F2F7DE
:10E3700033FC014605463046F2F72CFC8249F2F7A1
:10E380002BFC4FF0FF3725606060D8E77F49F2F73C
:10E3900023FC7F490646F2F71FFC0146054630463E
:10E3A000F2F718FC7A49EAE77A4A964200F294803A
:10E3B00020F0004578492846F2F716FD4FF07C51D1
:10E3C000F2F70AFCF2F7D6FE0746F2F7B9FC6C4901
:10E3D0008346F2F709FD01462846F2F7FBFB6A493E
:10E3E00081465846F2F700FD014680464846F2F75E
:10E3F000F1FB1F2F054609DC684A791E2AF000430D
:10E4000052F8212023F0FF03934207D1C5F3C752EE
:10E41000C2EBD652082A4FEAE65301DC256027E01A
:10E420005A4903935846F2F7DFFC05460146484631
:10E43000F2F7D0FB014606464846F2F7CBFB2946E9
:10E44000F2F7C8FB524905465846F2F7CDFC29467B
:10E45000F2F7C0FB014680463046F2F7BBFB039B58
:10E46000C0F3C7529B1A192B054615DC2060B14634
:10E4700029464846F2F7AEFB4146F2F7ABFBBAF14C
:10E48000000F6060BFF65BAF05F1004500F1004092
:10E49000256060607F4252E741495846F2F7A4FC8C
:10E4A000054601463046F2F795FB01468146304667
:10E4B000F2F790FB2946F2F78DFB3A49054658469C
:10E4C000F2F792FC2946F2F785FB01468046484662
:10E4D000F2F780FB0546A1E7B6F1FF4F05D30146F1
:10E4E000F2F778FB6060206009E7F715863FA6EB3E
:10E4F000C7563046F2F73EFEF2F722FC0146059081
:10E500003046F2F767FB4FF08741F2F76DFC0646A5
:10E51000F2F730FEF2F714FC01460690054630464D
:10E52000F2F758FB4FF08741F2F75EFC00210790AD
:10E53000F2F7EEFDF0B100212846F2F7E9FD0028E0
:10E5400014BF01230223184A01920222009221469D
:10E550003A4605A800F064F9BAF1000F0746BFF685
:10E56000EEAE236803F100432360636803F10043C8
:10E5700063608FE70323E6E7D80F493FE3CB1640FC
:10E58000800FC93FD00FC93F43443537004435376A
:10E5900008A3852E800F494384F9223F544A01087D
:10E5A00000A3852E32318D24D44A010807B5194ABB
:10E5B00020F00043934206D80022002103B05DF80A
:10E5C00004EB00F0C9BBB3F1FF4F04D303B05DF817
:10E5D00004EB00F0A3B86946FFF784FE00F00303E4
:10E5E000012B0098019908D0022B09D073B90122A0
:10E5F00000F0B2FB03B05DF804FB00F097F8F9E718
:10E60000012200F0A9FB00F10040F3E700F08EF8D2
:10E61000F9E700BFD80F493F10B103490020704708
:10E6200002490020704700BF0000F0FF0000F07FAB
:10E6300008B504F072FB0149002008BD0000F87F16
:10E6400038B5C0F3C7540D46034620F0004184B9E5
:10E6500041B34FF09841F2F7C7FB1A4BC0F3C754D0
:10E660009D42A4F1190406DABDE83840C00F04F059
:10E6700069BBFF2C08D04CF250339D4209DDBDE848
:10E680003840C00F00F03AB80146F2F7A5FA034649
:10E6900008E02B19FE2BF2DC002B05DD20F0FF40FB
:10E6A00040EAC353184638BD13F1180FDCDB1933A9
:10E6B00020F0FF404FF04C5140EAC350F2F794FB7A
:10E6C000E5E700BFB03CFFFF30F000400DD0A0F503
:10E6D0000003B3F1FE4F0AD3074B421E9A4208D9FA
:10E6E000A0F1FF4358425841704702207047042070
:10E6F00070470320704700BFFEFF7F0008B102484B
:10E7000070474FF0FF407047000080FF08B102489B
:10E7100070474FF0FF407047000080FF08B504F0DD
:10E7200009FB014808BD00BF0000C07F2DE9F04192
:10E7300020F00045B5F1485F064688465BD30146A8
:10E74000F2F752FB4FF07C510446F2F74DFB2B4998
:10E7500007462046F2F748FB2949F2F73DFA2146E1
:10E76000F2F742FB2749F2F735FA2146F2F73CFB74
:10E770002549F2F731FA2146F2F736FB2349F2F741
:10E7800029FA2146F2F730FB2149F2F725FA214612
:10E79000F2F72AFB2146F2F727FB414604463046B2
:10E7A000F2F722FB01462046F2F714FA194B9D427C
:10E7B00004460AD801463846F2F70CFA01464FF0F3
:10E7C0007E50F2F707FABDE8F081134B9D428CBFF3
:10E7D000124D05F17F4529464FF07E50F2F7FAF9C8
:10E7E000294606463846F2F7F5F92146F2F7F2F9DE
:10E7F00001463046E5E74FF07E50E4E74ED747AD9F
:10E80000F6740F317CF29334010DD037610BB63AB8
:10E81000ABAA2A3D9999993E0000483F0000903EDE
:10E820002DE9F04FDBB002920493649ABC4B059043
:10E8300053F822300193049B0091013B0393029B08
:10E840001A1DC0F29580DC1E48BF1C1DE410671C19
:10E85000FB000693029B039AA3EBC707019B03EB04
:10E860000209659BA4EB020803EB880A1EAE002593
:10E870004FF0000B4D457DDD049B1EAD05EB830580
:10E880000DF58C7A4FF000090023019A914540F371
:10E8900097800AAB03EB82030893659B03EB840329
:10E8A000079314465AAB03EB84030DF1280853F881
:10E8B00050BC464625464FF087490DF58C7A002D11
:10E8C00000F3838039465846FFF7BAFE4FF078517F
:10E8D0000546F2F789FA00F0B1FA4FF08241F2F7FB
:10E8E00083FA01462846F2F775F90546F2F742FC2D
:10E8F0000646F2F725FA01462846F2F76BF9002F93
:10E9000081467FDD611E0AAAC7F1080052F8215036
:10E9100045FA00F31E448340ED1AC7F1070342F89D
:10E9200021501D41002D7BDD00220136924694428C
:10E9300000F3AC80002F05DD012F00F0B880022F1E
:10E9400000F0BE80022D6BD149464FF07E50F2F7A9
:10E9500041F98146BAF1000F62D039464FF07E503E
:10E96000FFF76EFE01464846F2F734F9814657E05C
:10E9700000246CE718EB050F07D45AF82500F2F7CE
:10E98000DFF946F8040B013574E75846F9E70793B9
:10E99000059B5BF8041D53F82800F2F725FA0146A1
:10E9A0003046F2F719F9079B064608F10108039A69
:10E9B0009045ECDD4AF8046B09F10109043564E780
:10E9C000AB461E464FF00008F1E74FF06E51584637
:10E9D000F2F70AFAF2F7CEFBF2F7B2F949460990DC
:10E9E000F2F702FA01465846F2F7F4F8F2F7C2FBE2
:10E9F000013D46F8040B5AF825100998F2F7ECF897
:10EA000083465CE705D1631E0AAA52F82350ED1134
:10EA100088E74FF07C51F2F799FB0546002833D187
:10EA200000214846F2F774FB002800F09280631E34
:10EA300000220AA801998B4249DA002A74D0013CCD
:10EA4000083F0AAA52F82430002B7FD039464FF0F5
:10EA50007E50FFF7F5FDA14607460DF1280A4FF05D
:10EA60006E58B9F1000F80F2A28027460022002FD5
:10EA7000C0F2CC8046A92B4B01EB870B90464FF0A0
:10EA8000000AA4EB0709B5E002254DE758F8043B5E
:10EA9000BAF1000F08D123B1C3F5807348F8043CE4
:10EAA000012301329A4642E7C3F1FF03F6E7611EF4
:10EAB0000AAA52F8213003F07F0342F8213041E7DF
:10EAC000611E0AAA52F8213003F03F03F5E750F81F
:10EAD0002310013B0A43ADE7013352F8041D00291E
:10EAE000FAD0049AA5181EAA661C02EB85051C44E0
:10EAF0000DF58C79B442FFF6D5AE079B53F826008E
:10EB0000F2F71EF9AB4628604FF0000A4FF00008FC
:10EB1000039B9A450BDD49F8268004350136E9E769
:10EB2000184E0108EC4D0108089A0123D5E7059B12
:10EB30005BF8040953F82A10F2F756F901464046EB
:10EB4000F2F74AF80AF1010A8046E1E7013C083F82
:10EB500078E7069B029A4846991AFFF771FD4FF035
:10EB600087418046F2F7F2FAF8B14FF06E51404615
:10EB7000F2F73AF9F2F7FEFAF2F7E2F84FF08741CE
:10EB80008146F2F731F901464046F2F723F8F2F7F1
:10EB9000F1FA0AAB083743F8240001344846F2F78B
:10EBA000E9FA0AAB43F8240050E74046F7E75AF881
:10EBB0002900F2F7C5F83946F2F716F946AB414697
:10EBC00043F829003846F2F70FF909F1FF390746F3
:10EBD00047E753F8040B5BF8041B03920293F2F728
:10EBE00003F901464046F1F7F7FFDDE902328046BE
:10EBF0000AF1010A01998A4501DCCA45E9DD5AABEF
:10EC000003EB8909013F49F8A08C30E7649B022B94
:10EC100007DC002B4EDC2ED006F007005BB0BDE811
:10EC2000F08F649B032BF7D10DF1C80B0BEB84071E
:10EC3000B846A246BAF1000F49DCA146B9F1010F6E
:10EC400060DC0020012C76DC329A339B002D78D1D9
:10EC500000990A604B600A469060DDE757F824107F
:10EC6000F1F7BAFF013C002CF8DA0DB100F10040D9
:10EC7000009B1860D0E7002032AFF4E757F8281067
:10EC8000F1F7AAFF08F1FF38B8F1000FF6DAADB1DD
:10EC900000F10043009A014613603298F1F79AFFA1
:10ECA0004FF0010844450BDA0DB100F10040009B24
:10ECB0005860B1E7A046002032AFE5E70346E9E738
:10ECC00057F8041FF1F788FF08F10108EAE7D8F8C0
:10ECD000003058F8042C0293194610460192F1F7BF
:10ECE0007BFF019A014681461046F1F773FF029BB4
:10ECF0001946F1F771FF48F804090AF1FF3AC8F81C
:10ED0000009097E757F8043CD7F800A001935146CC
:10ED10001846F1F761FF019B014680461846F1F75E
:10ED200059FF5146F1F758FF47F8040909F1FF3937
:10ED3000C7F8008082E75BF82410F1F74DFF013C33
:10ED400080E7009902F1004203F100430A604B6042
:10ED50000A4600F100407FE72DE9F84320F0004328
:10ED6000B3F1485F04460F46914634D30146F2F7AB
:10ED70003BF8054601462046F2F736F82849064694
:10ED80002846F2F731F82749F1F724FF2946F2F730
:10ED90002BF82549F1F720FF2946F2F725F82349FA
:10EDA000F1F718FF2946F2F71FF82149F1F714FF90
:10EDB0008046B9F1000F11D101462846F2F714F848
:10EDC0001C49F1F707FF3146F2F70EF801462046DD
:10EDD000F1F702FF04462046BDE8F8834FF07C516E
:10EDE0003846F2F701F8414681463046F1F7FCFF1C
:10EDF00001464846F1F7EEFE2946F1F7F5FF3946A0
:10EE0000F1F7E8FE0C4905463046F1F7EDFF014603
:10EE10002846F1F7DFFE01462046F1F7DBFED9E791
:10EE2000D3C92E2F342FD7321BEF3836010D50396E
:10EE30008988083CABAA2A3EABAA2ABE38B5C0F3E3
:10EE4000C7537F3B162B014620F0004519DC002BF1
:10EE5000024608DA00281BDA002D0E4908BF4FF0E1
:10EE60000041084638BD0C4818410842F9D0002935
:10EE7000BEBF4FF4000141FA03F3D21822EA0001A9
:10EE8000EFE7B5F1FF4FECD3F1F7A6FE0146E8E757
:10EE90000021E6E7000080BFFFFF7F007047836826
:10EEA0005B68184783681B681847836800EBC101DB
:10EEB000B3F5004F2CBF51F8220031F81200704713
:10EEC00000EBC1018068B0F5004F2CBF41F8223043
:10EED00021F812307047012208B5FFF7E6FFD04055
:10EEE00008BD836800EBC101B3F5004F08D34B6840
:10EEF0001AB143F001034B60704723F00103FAE7B6
:10EF00004B881AB143F001034B80704723F0010393
:10EF1000FAE753000122FFF7D3BF08B58368B3F5C2
:10EF2000004F06D3FFF7D7FF01288CBF0020012038
:10EF300008BD0020FCE78368B3F5004F34BF04230D
:10EF40000823C91A081AC00870478368B3F5004F30
:10EF500028BF0139B1FA81F0C0F11F0070472DE9D7
:10EF6000F0410E46174603220446FFF79EFF8642F5
:10EF7000054607F104080AD10122E368BA4023EAF2
:10EF80000203E360002344F82830BDE8F0813146F5
:10EF900002222046FFF789FF06462B460146032240
:10EFA000204644F82850FFF78BFF33462946204679
:10EFB0000222BDE8F041FFF783BF38B504460D4695
:10EFC000FFF7ABFF70B929462046FFF784FF0146E3
:10EFD0002046FFF7BAFF294602462046BDE83840E2
:10EFE000FFF7BDBF38BD2DE9F04705468946FFF75D
:10EFF000ACFF064605EB800ADAF8107077B90136E7
:10F000004FF0FF34EB68B4401C4015D094FAA4F2E2
:10F01000B2FA82F2131D55F8234009E03C464FF046
:10F02000030821462846FFF756FF814507D8324698
:10F0300021462846FFF793FF2046BDE8F08721468A
:10F0400003222846FFF731FFB8F101080446CAF849
:10F050001000D4D08742E4D1D1E72DE9F041144625
:10F060000E460546FFF737FF371BA4EB060831466F
:10F07000074442462846FFF74CFF3A4621462846B9
:10F08000FFF747FF4346002221462846FFF718FFB7
:10F0900021462846FFF71FFF3B462118002228463D
:10F0A000BDE8F041FFF70CBF2DE9F04116460446DC
:10F0B0000F46FFF710FF054631462046FFF70BFFCE
:10F0C0000544394620462A46FFF723FF31462046AD
:10F0D000FFF701FF2B46311800222046BDE8F04122
:10F0E000FFF7EEBE2DE9F04104460D46FFF715FF90
:10F0F000B8BB29462046FFF7EEFE01462046FFF743
:10F1000024FF04EB80010E6996B90122E368824076
:10F11000204613430222E3602B460D612946FFF788
:10F12000CFFE032229462046BDE8F041FFF7C8BEC6
:10F13000022231462046FFF7B8FE2946034607461D
:10F140002046FFF7BDFE0322334629462046FFF73F
:10F15000B7FE39462B462046FFF7B2FE0222314663
:10F16000E1E7BDE8F08170B5056809B9002070BD20
:10F17000AB6801F007042846B3F5004F04F107041B
:10F1800034BF042208221444E40804EBD1049C4256
:10F1900028BF1C462146FFF726FF06460028E5D07B
:10F1A00001462846FFF797FEA04209D9344431466C
:10F1B00028462246FFF751FF21462846FFF792FFD7
:10F1C000284601223146FFF78CFEAB68B3F5004FAD
:10F1D00034BF0423082303EBC6031844C7E71146D2
:10F1E000FFF7C1BFB2F5802F34BF04230823D21A22
:10F1F0002DE9F0418C18CD1D002625F0070524F0DF
:10F200000704641B05602846EE60E4082146AC60F4
:10F21000FFF79BFE3146820005F1100002F11B074B
:10F22000043203F039FB3146FF0828463A46A4EB86
:10F230000708FFF76EFE3346324631462846FFF791
:10F240003FFE284631460122FFF74BFE4246394633
:10F25000FFF75FFE3B46324639462846FFF730FE51
:10F2600021462846FFF755FE4346324621462846AA
:10F27000FFF726FE214628460122FFF732FE3946D7
:10F28000BDE8F041FFF72EBF2DE9F04F994691B050
:10F2900002F0040305460E4610460293C2F3C20371
:10F2A000AC07DDF868A003F10103049340F09281FC
:10F2B0002C1D8DBB01F00706341DC6F10806002782
:10F2C0004FF0FF334FF0040800F00201019309F101
:10F2D000FF32BB4643460397009705910DB1C4F832
:10F2E00000900498002809DC4846CDE90632F4F77E
:10F2F0009DFBDDE90632002800F0B2800598002869
:10F3000000F0CC80A4EB050C0120BCF5007FC0F020
:10F31000AD806FF0150003E00729D0D86FF01B0017
:10F3200011B0BDE8F08F7A285BD84B280FD847285A
:10F3300057D829282ED8252850D052D8202818BF91
:10F3400023280CBF4FF0010B4FF0000B71E04C383D
:10F350002E2846D8DFE800F06D4545454545454532
:10F360004545454548454545454545454556454836
:10F37000485656566D486A456D4518481845457FAC
:10F380007C48454548457C0000204FF0000B4FF07D
:10F39000040835E02A380121C0B201FA00F010EA71
:10F3A0000E0F46D110F0625C2CD110EA010B40D058
:10F3B0006046013C4444B4FBF8F408FB04F425B176
:10F3C000A3EB050CA444B445A8D8002800F0818024
:10F3D00004995AF8049B013904917FE70199013996
:10F3E00001914FF0000B24E012F8010C6C2834D18D
:10F3F00012F8023C00206C2B8346C8D14FF008085D
:10F400004346D6E70AF1070A07342AF0070A24F030
:10F410000704FAE802BC35B106982044B0423FF632
:10F420007DAFC4E900BC08344FF0000B4FF0080872
:10F43000434612F8010F002864D0BBF1000F7FF49F
:10F4400072AF2528F5D1019B4FF0010B01330193D9
:10F450004FF00408ECE7584697E700208346A8E7FA
:10F460000599A4EB050C00297FF44FAF00990F29F3
:10F470003FF64FAFEDB14031CCF3870C0DEB010EF1
:10F4800001990EF820CC0EF8101C70B16CF07F0CB6
:10F4900001370EF820CC009801300090C5F108012A
:10F4A00004344FF6DA7E0691C3E7039801300390E7
:10F4B000F1E708B10136EEE7029902360029EAD1F8
:10F4C0004846CDE90632F1F717FF0644DDE906327A
:10F4D000E1E7042B08D10AF1040015B1DAF80010B5
:10F4E000216004348246A4E70AF1070323F00703EE
:10F4F00003F1080A1DB1D3E90001C4E90001083491
:10F50000082396E7631BB3F5806FBFF402AF1DB904
:10F51000A6F10804E01803E79B08029A28602B7004
:10F520009DF80C30BAB1EB70AF7037B108A800226B
:10F53000C5F1010C009B93420FD1C5F101030DF100
:10F5400020084FF0000A0DF1300B0193009B53454A
:10F5500012D1601BE4E66B70E6E710F8013B190678
:10F5600008D50CEB040E03F07F03B6453FF6D6AE8C
:10F5700004F8013B0132DDE71FB198F90020002AB1
:10F5800017DB029BD3B11AF80B2004F8012B0022E1
:10F59000019B18191044B0423FF6C0AE98F8000025
:10F5A0004946039204F8010B204603F04EF9039AF2
:10F5B00014440AF1010A08F10108C7E798F800208D
:10F5C000029B55F8229045F822304846F1F794FE08
:10F5D000421CDDE76FF00D00A2E62DE9F04706467C
:10F5E0000D46174698462BB398F800404FF0000A96
:10F5F00093F80190A400DB7804EB430498F8023000
:10F600001C444444CA4509D308F10803D8F804202F
:10F6100039463046AC46BDE8F047604714F8013B38
:10F620000AF1010A204648F82340F1F765FE01304F
:10F630000444E7E76FF01500BDE8F08730B50246F7
:10F640000024002012F8013B43B178B18C4207D16D
:10F65000702B04D0A3F140053A2D07D8002030BD0F
:10F66000A3F140053A2D01D80134EAE7252B08BF64
:10F6700080F00100E6E7F0B4D0E90032D1E90054AF
:10F68000002A16DA002C08DA5F424FF0004666EBDB
:10F690000206BD4274EB06061ADB5B1942EB04025C
:10F6A000C0E9003283688A6813448360F0BCF4F7D1
:10F6B000E5BC53EA0206F0D0012D74F10006ECDB44
:10F6C000DE43AE426FF00046A6EB0206A641E3E73A
:10F6D0000020F0BC7047002070470FB407B504A9A4
:10F6E00051F8040B019100F086FB03B05DF804EBC8
:10F6F00004B0704710B50369024613F0080009D141
:10F700001368D4689C4297BF126AE31A0120D31A87
:10F710000B6010BD00231846FAE713B501A9044693
:10F72000FFF7E8FF20B1019BE268013B134401931E
:10F73000206A019BC01A013802B010BD10B5044602
:10F7400050182269236AD20702D5013B184010BD28
:10F75000984228BFC01AFAE710B504460A46C168A5
:10F76000FFF7ECFF2369E06023F00803236110BD7D
:10F7700038B58B00C2690D46016843F002030446A8
:10F7800042F821302A460168FFF7D8FFE368616834
:10F790002A4698422060204602BF236943F00803AE
:10F7A0002361FFF7CBFF606038BD2DE9F74FD0F83C
:10F7B0000CB09A46C6690F460092002116F82B201D
:10F7C00006EB8B03044602F003020193009B022A1E
:10F7D0000CBF56F82B208946196008BFC2F39D095B
:10F7E000CAF80010B9F1000F07D04946FFF7B4FF7F
:10F7F000E368A3604FF0010804E001698A0705D4BB
:10F800004FF00008404603B0BDE8F08F816906EB79
:10F810008B00884716F82B10054611F00108EFD031
:10F820008B071DD51FB139462046FFF7A1FF616840
:10F830002A462046FFF782FF6060D4E902138B421C
:10F8400007D12A462046FFF779FF4FF0000801460E
:10F85000A0602369216043F00803E1602361D1E7E0
:10F8600001462046FFF778FFE168A1601FB12068DC
:10F87000E16941F82090EA192046CAF80020216881
:10F88000FFF75CFF2269206042F00802226116F84F
:10F890002B2022F0010206F82B20DDE900321A604D
:10F8A000A8E770B504461546FFF748FF2368834272
:10F8B00005D12369216023F00803236170BDAB00EB
:10F8C000E269204643F0020342F821302A4661688B
:10F8D000FFF734FF6060F1E738B5036904465B0762
:10F8E00006D5456AFFF719FF85422CBF6562606245
:10F8F00038BD38B50D461C220021044602F0CCFF6D
:10F90000EB680022A361AB6863612B68E3616B68FD
:10F91000626223622A6923B1591E194208BF42F06C
:10F9200001022261012204F128000021BDE83840D3
:10F9300002F058BD2DE9F04F9846036A002587B0C4
:10F940008B4204460E469346AA460395059538D346
:10F95000EFF31189102383F31288BFF36F8F059A99
:10F960002AB129462046FFF79CFF0023059304A9EE
:10F970002046FFF7BFFE04990746B1422AD322680A
:10F980002046E36913F8221003EB820A21F00301F9
:10F9900003F8221032462168FFF7D0FEE3682060AA
:10F9A000984212D0002789F31188BFF36F8F039913
:10F9B00029B162690AB12046904700230393002FC2
:10F9C000C6D1504607B0BDE8F08F236943F0080365
:10F9D0002361E7E718B12046FFF7CAFEE3E75BEAD9
:10F9E00008031CD0019102F009FD0199B8B9B9F1E1
:10F9F000000F14D189F31188BFF36F8F5A46434625
:10FA000004F12800FBF706FFEFF31189102383F3BD
:10FA10001288BFF36F8FB0FA80F77F09C3E705AB99
:10FA200003AA20462568FFF7C0FE0746BBE770B56E
:10FA30000446836908460D4698470246EFF311864F
:10FA4000102383F31288BFF36F8F2B78204643F087
:10FA500001032B706168FFF771FE60602046FFF7BD
:10FA60003BFF86F31188BFF36F8F70BD2DE9F8431C
:10FA7000044600271026EFF3118586F31288BFF3A2
:10FA80006F8F2369A268190702D46368934200D27A
:10FA9000236A9B1A002B42D0E06910F8221000EB79
:10FAA000820911F003033AD0022B04D150F822301E
:10FAB0005FEA930805D1CB0720D4A369484698474D
:10FAC0008046A168424620460127FFF737FE41469F
:10FAD000A0602046FFF740FE3B4685F31188BFF348
:10FAE0006F8F002BC7D137B1B9F1000F03D104F1EB
:10FAF0002800FBF759FE4846BDE8F88341F00201B3
:10FB000000F822104846D4F80880A3699847414677
:10FB100002462046FFF712FE0023A060DDE799466B
:10FB2000DBE7F8B50446836908460D469847064664
:10FB3000EFF31187102383F31288BFF36F8F2B78B5
:10FB400023F001032B7023699B0705D5E268E36965
:10FB500003EB82039D421AD12B7823F002032B7012
:10FB6000D4E90231994204D132462046FFF7E6FD3E
:10FB7000A06031462046FFF7EFFD87F31188BFF301
:10FB80006F8F04F12800BDE8F840FBF70DBE2B682D
:10FB900060F39F032B60F0E7EFF31181102383F3F1
:10FBA0001288BFF36F8F02698368120702D442681C
:10FBB0009A4200D2026AD31A81F31188BFF36F8F81
:10FBC000181E18BF0120704770B506460C8888883B
:10FBD000241A3069A4B285B2844224BF641BA4B243
:10FBE0002D1BA8B2984228BF1846336823441360DF
:10FBF0000B8803440B8070BD70B4838985880669C7
:10FC0000ED1AADB2731B934270BC28BF13460A466F
:10FC1000011DFFF7D9BF70B40E460146C58831F803
:10FC20000A3FEC1AA3B2934228BF1346324670BC77
:10FC3000FFF7CABF4B8810B50C88E41AA4B29442EF
:10FC40000ED31A448B8892B24A800A80D21A006975
:10FC500092B2824201D2002010BD03448B80FAE7A9
:10FC60006FF01500F8E72DE9F34106460F461546FB
:10FC70004FF000082A4601A93046FFF7BDFF0446B1
:10FC800040B1024639460198A04402F0DEFD2D1B2A
:10FC90002744EFD14246311D3046FFF7CBFF4046A7
:10FCA00002B0BDE8F0812DE9F34107460E46154646
:10FCB0004FF000082A4601A93846FFF7ACFF04467A
:10FCC00048B12EB1024630462644019902F0BDFDEE
:10FCD0002D1BA044EED1424607F10A013846FFF73A
:10FCE000A9FF404602B0BDE8F0817047F0B501249D
:10FCF00002F4C04640688C40B6F5804F406804FA74
:10FD000001F53ED10729C2F343272ED805FA01F3A6
:10FD1000066A8B40C3EB031C7B4326EA0C06334385
:10FD200003624668C2F3C0338B4026EA04010B43EA
:10FD30004360846805EB4501C2F3014324EA0104F2
:10FD40006B4323438360C2F38143C468C2F34132EF
:10FD50006B4324EA01046A432343C360036823EA34
:10FD600001031A4302600020F0BD230A466A5B4388
:10FD70005B43C3EB031C5F4326EA0C063E4346622B
:10FD8000CFE7B6F5005FD4D14768C2F3C03606FAB4
:10FD900001F127EA040631434160002BC9D0D302A8
:10FDA00058BF24048461C4E703785B075FBF03681E
:10FDB0004288C3F34A2303EB12105DBF173020F0D3
:10FDC0000700800800207047002070470346BFF3FB
:10FDD0005B8F53E8000F421C43E800210029F8D153
:10FDE000BFF35B8F704708B502F065FC0A22002361
:10FDF000F1F756FA08BD1FB50023CDE902011A46F6
:10FE000019461846CDE90033F4F7AAFE05B05DF8AF
:10FE100004FB0120F4F76ABB0020704718B140686A
:10FE20000079F4F77DBD4FF0FF30FAE738B543684D
:10FE300004460D461146DA71F4F7D0FD63680122DD
:10FE40001D6063685A71BDE83840F4F741BB4368F0
:10FE500010B55B79044613B10021F4F7BFFD636868
:10FE600000225A7110BD70B515460C4669B1D2E931
:10FE700001369B1B99420AD813680A460146981915
:10FE800002F0E3FCAB682344AB60204670BD6FF02A
:10FE90001B00FBE770B50E4615461946044618B917
:10FEA000BDE87040F4F722BB33B1C2F34A231030EF
:10FEB000120D184402F0C9FC2046C4E90056BDE802
:10FEC0007040F4F7D9BC2DE9F3415F1C06460C469F
:10FED00015464FEA870808F1170020F00700800850
:10FEE000F4F788FB00238DF80470ADF805308DF829
:10FEF000073068B1019A0346A8F1040143F8102FB6
:10FF00002A46294452F8045B8A4243F8045FF9D137
:10FF1000A2010023314602F4E07242EA482222F0B4
:10FF20007F4222F4700222F03F0202B0BDE8F041AD
:10FF3000FFF7B0BF07B50123019201AAFFF7C3FF86
:10FF400003B05DF804FB07B5CDE9002302236A4640
:10FF5000FFF7B9FF03B05DF804FB1FB5CDE901233E
:10FF6000069B01AA03930323FFF7ADFF05B05DF8DD
:10FF700004FBF8B506460D4614461F4604B9F8BD05
:10FF8000214628463A46B047241A0544F6E710B5FC
:10FF90004268044681680068D2E90023FFF7E9FF60
:10FFA000636800221A6010BD38B54B6805460C46E0
:10FFB0001A68CB689A4202D10846FFF7E8FF6368E7
:10FFC000BFF35B8F53E8002F511C43E8001000285B
:10FFD000F8D1BFF35B8FA36800209D5438BD0A2879
:10FFE00038B504460D4602D10D20FFF7DDFF294646
:10FFF0002046FFF7D9FF002038BD2DE9F043054624
:020000040801F1
:1000000089B008460E8891F800900C46D1F8088017
:100010001746F4F7FFFD011EC6F38216C9F3C209A5
:1000200020DB4846F4F73AFC03462146608851F845
:10003000102BC0F30B100296C2F34A22002A01EBE8
:1000400002044FF0000208BF0021CDE90507CDE909
:10005000031428464146CDE90022F4F707FE09B013
:10006000BDE8F0830023E0E7436800201B685B687D
:100070001961704743681B681A685268536070477B
:100080002DE9F041436801211B685A6811751D680C
:10009000D5E901362F68D3E900481CB96B681C60AC
:1000A000BDE8F081214630464246B847241A06444E
:1000B000F3E743681B681868F4F720BF70B543681E
:1000C0000C461D686B681869F4F7ECF92146034685
:1000D0000F222868BDE8704018470B68834204BFB0
:1000E00001230B71704703785B075FBF0368428889
:1000F000C3F34A2303EB12105DBF173020F0070053
:1001000080080020704783681B6A03B11847704756
:1001100008B54368197311B11868FFF7F4FF0020A0
:1001200008BD10B540681C462430FFF7BCFD2060B8
:10013000002010BD10B5406850F8804BFCF7E2FA83
:100140002046FFF7E0FFA368DB6A0BB12046984723
:10015000002010BD2DE9F04145681E460C461746AB
:100160002B7B93B101EB0208A04507D1376001203A
:10017000D5E9013198470020BDE8F081286814F8DE
:10018000011B83685B689847EEE705F11000FFF7F5
:100190006AFD05F1B80301213060BFF35B8F53E8BE
:1001A000002F43E800100028F9D1BFF35B8F002A2D
:1001B000E1D128688368DB69002BDCD09847DAE757
:1001C0008268002382F860308268A2F85A30826820
:1001D000A2F8583070470EB403B503AA52F8041BB6
:1001E0000192F6F731FD02B05DF804EB03B0704701
:1001F000034610B5BFF35B8F53E8000F40EA0102DE
:1002000043E80024002CF7D1BFF35B8F10BD0346F9
:1002100010B5BFF35B8F53E8000F00EA010243E81B
:100220000024002CF7D1BFF35B8F10BD08B510B1CF
:10023000F1F762F880B208BD08B52AB102F051FBAF
:10024000B0FA80F0400908BD0120FCE707B50022A4
:100250000023CDE9002302F0F5FA03B05DF804FBBA
:1002600038B583680446D3F88432DB050FD4C069FF
:1002700000F0DDFE606803685B689847054620B9BA
:10028000E06801F0D5F8A3681D75284638BD6FF009
:100290000F05FAE700F52570FBF786BA4FF0FF323D
:1002A0004FF0FF3300F52570FBF7B4BA00F521706D
:1002B00019B14FF40061FFF79BBF6FF40061FFF7C6
:1002C000A6BF00F5217019B14FF48061FFF790BF10
:1002D0006FF48061FFF79BBFF7B5044680680D4659
:1002E000817D002941D1D0F884325B0504D5FFF728
:1002F000E8FFE06801F033F8E368DB6863B9A5B3B1
:10030000A66806F160073846FFF790FF78B33946D4
:1003100006F5B070F0F7E8FFA2680DF10603294674
:10032000E068603201F01EF858B9A06800F5B071BD
:100330006030F0F7D9FFA0686030FFF777FFADF8C5
:100340000600204600F0A4FC2046F5F7A1FD20465B
:10035000F6F7A6FDA268BDF806302046A2F85A308E
:10036000A268A2F8583000F0F8FB03B0F0BD86F8A0
:100370006001D1E700F5207008B529B10121FFF730
:1003800037FF00F0010008BD6FF00101FFF73FFFEC
:10039000F7E770B5044680680E46154600F52270F2
:1003A000FFF754FF50B1A06800F52270314602F00B
:1003B00045FA20462B46BDE87040184770BD08B589
:1003C00000F52570FBF726FAB0FA80F0400908BD69
:1003D0002DE9F041DDF8188004460D4617461E460B
:1003E000FBF7B0FB002842D0A068037D022B07D0AA
:1003F0004FF4805100F52170BDE8F041FFF7F8BEE1
:1004000041F288320023FFF7DAFF80B3A368D3F804
:100410008422100508D4DA6C32B9D3F880329906F8
:1004200002D5204600F066FCD7B132462946204668
:1004300000F0C0FCA368D3F88422120508D4DA6C5B
:1004400032B9D3F880329B0602D52046F6F7ACFECF
:10045000606900F0BEF8A068BDE8F041FFF71ABF80
:10046000434632462946204600F0C7FCE2E7BDE895
:10047000F0810028886814BF0823012300F522704A
:10048000194602F0D8B910B5044680684FF480715F
:1004900000F52170FFF7ACFEA3681B7D022B02D193
:1004A0002046F5F7F3FEA0686FF4807100F5217027
:1004B000BDE81040FFF7ABBE10B5836804461A7D57
:1004C000012A28D1D3F88422510408D5D3F88022F8
:1004D000520704D401465A6DC06900F091FD41F203
:1004E00088320023A068FFF76AFF10B96FF00F0091
:1004F00010BD08212046F6F70FFD204600F01EFD36
:100500006069F5F7E7FC2046F5F79AFEA068FFF76B
:10051000C1FE0020ECE76FF08500E9E70CB41FB5E1
:1005200006AA52F8043B039200920022FFF750FF04
:1005300005B05DF804EB02B0704770B504460D4697
:1005400099B10846FFF772FE41F288320646002351
:10055000A068FFF734FF10B96FF00F0070BD731C77
:10056000142B05D9A068FFF795FE6FF01500F5E78D
:100570002946A068F0F7B8FEA36883F84060A06839
:10058000FFF788FE0020E9E710B541F28832044603
:1005900000238068FFF713FF38B12046F5F724FCED
:1005A000A068BDE81040FFF775BE10BD18B18368A4
:1005B000D3F8A80270476FF01500704710B4846834
:1005C000E16483681A6511B910BCFFF7F9BD10BC6E
:1005D000704710B502690446836812680168C068F4
:1005E0009847236900221A6010BD38B5CB680546CC
:1005F0000C461B7C022B04D10A2802D10D20FFF7E8
:10060000F4FF236922681B68D554226913680133FB
:10061000136023691A6863689A4202D12046FFF783
:10062000D8FF002038BD08B510B1F0F765FE80B2E4
:1006300008BD2DE9F74F824601A80D4616461F4614
:10064000FAF7BEFE804601984FF0000900EB48180B
:10065000804501D8002028E04FB9DDF804B0DBF870
:10066000004084B9019C04F120000190F0E7012FC3
:1006700004D001F033FE0028EFD0F3E701F02EFEA6
:100680000028EAD1EEE72378002BEBD04DB12846C5
:10069000F0F732FE21460246284602F022F90028F1
:1006A000E0D12EB9D14508D1019803B0BDE8F08F53
:1006B0005846B0470028F5D1D4E709F10109D1E740
:1006C00010B5047B438922442144B2FBF3F003FBC1
:1006D0001022B1FBF3F003FB1010101A10BD10B57F
:1006E000047B438921441019B1FBF3F1B0FBF3F013
:1006F000401A10BD30B5057B438929442A44B1FB1B
:10070000F3F403FB14110134013184800180B2FB46
:10071000F3F103FB11224C1C0132C480428030BD36
:100720002DE9F74F00260746884614469946B246FB
:1007300006602378002B00F09E80202B23D0093BFD
:10074000042B20D93B685A1C3A6048F823403B6888
:100750004B4500F0908000262578002DE9D0002E32
:100760007AD1272D03D05C2D10D0222D6AD12046BE
:100770002E46A346FFF757FF611C0246204602F0B3
:1007800072F85C46E8E704F801ABD2E704F1010B2C
:100790002046FFF748FF59460246204602F063F81C
:1007A000EFE75C2D55D162789642F1D0302A21D105
:1007B00002230025E25CA2F13001C9B2072916D854
:1007C000ED000133EDB2052B45EA0105F2D1591ECA
:1007D0002046019321440091FFF725FF019B0099DA
:1007E000023BC21A204602F03EF82570C9E7DBB290
:1007F000022BECD1782A2CD102210025635CA3F1D5
:100800003002D2B2092A07D82D01EDB215434B1C94
:100810000321042BDBD0F1E7A3F16102052A05D8FF
:100820002D01573BEDB21D43EDB2F0E7A3F14102BC
:10083000052A03D82D01373BEDB2F4E7022908D091
:100840000323C4E7202D3FF474AF093D042D7FF648
:1008500070AF04F1010B94E7B54204F1010BA0D194
:1008600020460026FFF7DFFE594602462046A346F3
:1008700001F0F9FF85E7304603B0BDE8F08FF8B529
:100880000E4611460746154602F05CF80446E0B1F4
:100890002846FFF7C8FEA742054607D214F8013CD8
:1008A000202B02BF013504F1FF34ADB22046FFF723
:1008B000BAFE3388421C61195B1B2046521B3380F1
:1008C00092B2BDE8F84001F0CEBFF8BD2DE9F0418D
:1008D0000F4686B01646044678B1034601AC00F1D7
:1008E00010051868083353F8041C2246AB4203C2B3
:1008F0001446F6D1186801AC10604FF0000841466C
:100900003246204608F10108F6F7C8F9054628B135
:1009100029683846F0F7DEFC0028F0D1284606B0FA
:10092000BDE8F0816FF0850070472DE9F047DDF8F4
:1009300020801C460F46002316469DF82490236015
:1009400023680546BB421BD256F8230000F085FD04
:100950002368824618B1013328462360F0E74246F7
:1009600056F823102846FFF7B1FF48B123685A1CF8
:100970002260B9F1000FE3D08045E1D155462360F4
:100980002846BDE8F08770B50546FFF74CFE0446E3
:1009900028B12B460026621E591B8A4200DC70BD1E
:1009A00013F8012B202A02D0093A042AF3D8591B44
:1009B00089B28AB29442EED96A5C202A02D0093AFE
:1009C000042A03D801360131B6B2F2E7002EE2D094
:1009D0008AB218462944A21AA41B0132A4B201F01B
:1009E00042FF0346D6E7F8B58468064694F86030BF
:1009F0002BB9B368B3F85820A3F85A20F8BD04F116
:100A00006000B4F85830C21812F8012C202A1BD00C
:100A1000093A042A18D90022C25413461D4601334C
:100A2000425D9BB24119202AF8D0093A042AF5D92F
:100A3000002DDED0B4F858707A1C7F1B521B01F0D9
:100A400012FFA4F85870D4E7013B9BB2A4F85830C9
:100A5000002BD6D184F86030CBE700231A46FFF78D
:100A6000E8BD02230022FFF7E4BD2DE9F74F05465C
:100A700001A8FAF7A5FC019C04EB40180DBB00246B
:100A8000204603B0BDE8F08F266876B13046F0F717
:100A900033FC07462846F0F72FFC874205D1314644
:100AA0002846F0F717FC0028EAD0E3693BB11B6841
:100AB0002BB1D3F800909A4600264E4504D120343D
:100AC0000194A045E0D8DAE75AF804BF5846F0F799
:100AD00013FC07462846F0F70FFC874205D159461C
:100AE0002846F0F7F7FB0028CAD00136E5E70EB438
:100AF00003B503AA52F8041B0192F6F7A5F802B059
:100B00005DF804EB03B0704710B50446F0F7F4FB52
:100B1000B4F8583013FA80F038B1E38FB0FBF3F239
:100B200003FB1200B0FA80F0400910BD38B58468AC
:100B3000D4F880522046F0F7DFFBB4F85A30C5F302
:100B4000400580B205FB0300E38FB0FBF3F203FB2B
:100B50001200B0FA80F0400938BD10B50446FFF726
:100B6000E5FF18B9A068FFF7CFFF20B16069BDE8C5
:100B70001040F6F763B910BDF8B584680546B4F8BF
:100B8000582004F13400B4F85A10FFF7B3FDA868F8
:100B9000278F668FFFF7B8FF10B16869F6F74EF937
:100BA000B74207D1A18E2846E38EC91ABDE8F840A6
:100BB000F6F760B9618F2846238FC91AF6F744F912
:100BC000F0E7F8B5044680680D46B0F85A103430A6
:100BD000828C0D44FFF78EFDA068ADB2B0F85A10BC
:100BE00034302A46FFF77BFD0746A0682A46B0F856
:100BF0005A103430FFF764FD064679422046F6F776
:100C000023F931462046F6F735F9A368A3F85A5080
:100C1000F8BD2DE9F0410C1E064633DA64424FF070
:100C2000FF3524B2A4B2AFB213E0B3680022B3F828
:100C30005AC003F1600EB3F85880614669B96B1C65
:100C400022D1013CA1EB0C013046A4B209B2FFF75E
:100C5000B8FF002CE9D1BDE8F081884501D1012D14
:100C6000EFD01EF8013023F020004138192807D9B1
:100C7000303B092B04D9002AE3D1394489B2DDE79E
:100C80000122FAE70125CDE7B8F1000FE9D1D8E755
:100C90008368B3F85A10494209B2FFF792BF8368DC
:100CA000B3F85810B3F85A30C91A09B2FFF789BF20
:100CB0008368B3F85A301BB14FF0FF31FFF781BFA3
:100CC00070478368B3F85A20B3F858309A4202D27A
:100CD0000121FFF776BF70478268B2F85A10A2F878
:100CE00058108368B3F85A201344002283F8602018
:100CF000F6F798B810B504468068B0F8582034303C
:100D0000C18CFFF7F7FCA3682046998EC1F1010161
:100D1000F6F7B0F8A3682046198F0139F6F794F872
:100D20002046BDE81040F6F77DB82DE9FF410546A5
:100D30000F4614460026A4B904B0BDE8F081D3F8EC
:100D400084229205FBD503F52173BFF35B8F53E833
:100D5000001F21F4007143E80012002AF7D1BFF30D
:100D60005B8F68682246B9190368D3F80C8003AB1F
:100D7000C0470028E0DB039A1644A41A002ADAD1FF
:100D8000AB68197D0329ECD00229D8D84FF0FF3089
:100D90004FF0FF31CDE90001082103F5227001F089
:100DA00051FDA86800F52270082101F047FDD8E741
:100DB000FFF7BBBF73B5836815460446D3F880229E
:100DC000D20613D593F842208A420FD0B3F84230AE
:100DD000ADF80430F6F7A0F829466069F5F748FF4A
:100DE00001A92046F6F7B8F802B070BD294660693F
:100DF00002B0BDE87040F5F73BBFF7B51E4683680B
:100E000015460446D3F88022D20614D593F8422022
:100E10008A4210D0B3F84230ADF80430F6F77CF8CF
:100E2000324629466069F5F70FFF01A92046F6F71B
:100E300093F803B0F0BD32462946606903B0BDE8BF
:100E4000F040F5F701BF0CB407B504AB53F8042B21
:100E50000193FFF7D2FF03B05DF804EB02B07047D7
:100E60002DE9F0418768054688461446B7F8586072
:100E7000B318FF2B26DCB7F85A30F61A6033B6B237
:100E80001F4432463946381901F0EDFC22464146EE
:100E9000384601F0DAFCAA68B2F858302344A2F8C8
:100EA0005830AB68B3F858201344002283F8602010
:100EB000AB68D3F88012890706D4B3F85A201444DB
:100EC000A3F85A40BDE8F08131462846BDE8F0411C
:100ED000F6F7C4B8FFF7C4BF38B505468068B0F868
:100EE0005A20B0F85840A41AA4B29CB16032104401
:100EF0002246411C01F0B7FCAA68611E2846B2F8E0
:100F0000583089B2013BA2F858300122BDE8384080
:100F1000F6F7A4B838BD10B583680446B3F8582076
:100F20005AB1B3F85A3043B14FF0FF31FFF749FEE1
:100F30002046BDE81040FFF7CFBF10BD70B50023BD
:100F400092B005464FF47A7401936868402202A972
:100F500003681E6901ABB047019B13B108B9013C9E
:100F6000F3D112B070BD0EB403B503AA52F8041B3E
:100F70000192F5F769FE02B05DF804EB03B070472B
:100F800043681B68D3E90632BFF35B8F53E800CF99
:100F90008C4443E800C00028F8D1BFF35B8F93680E
:100FA000BFF35B8F53E8000F084443E80002002AB8
:100FB000F8D1BFF35B8F7047F8B5C3695E695F68AE
:100FC00083683046D3F88052FEF750FD0446C5F3DF
:100FD000001550B1014605F18E023846FFF70DF8B5
:100FE00030462146FEF79DFD0120F8BD13460A4616
:100FF00010B50C4601461846FFF7DAFE204610BD34
:1010000070B504460D461646D0E90410FEF771FC93
:10101000324629462068FEF709FF636800225B68B4
:101020005D60A3681A600122A3681A7170BD10B5D3
:1010300004460068FEF70BFF0222A3681A7110BD78
:1010400010B5436801211C68606803689B68984775
:10105000E36948BB9B6803221A71A368BFF35B8FE7
:1010600003F5217353E8001F41F4005143E80012D7
:10107000002AF7D1BFF35B8FA068B0F85820343056
:10108000C18CFFF737FB4FF0FF312046F5F7DCFE50
:10109000A3682046998E4942F5F7ECFE2046FFF7FB
:1010A0008BFF0028FAD110BD1846BDE81040FFF7AD
:1010B000BEBFF7B50368054600225B681C68A368DD
:1010C000D3F880628368BFF35B8FC6F3001653E8E2
:1010D000007F43E800210029F9D1BFF35B8F97B16E
:1010E00046B1A36801212046B3F84230ADF8043080
:1010F000F5F712FF39466868F3F700FF1EB101A942
:101100002046F5F729FF204603B0BDE8F040FFF781
:1011100053BF78B10378C42B0BD143780B2B08D184
:101120008378D22B05D1C078A0F18603584258416C
:101130007047002070470EB403B503AA52F8041B91
:101140000192F5F781FD02B05DF804EB03B0704742
:101150002DE9F843054688461746002418F8043060
:10116000202B21D0093B042B1ED9404608EB040953
:10117000F0F7C2F8AB6880B2D98F001BCB1B984246
:1011800014D94846002610F8012B202A06D0A2F1D7
:10119000090CBCF1040F02D80A2A2DD03346BA1923
:1011A000914228D90136EEE70134D7E74B460026B5
:1011B000B04208D168694946FFF7BDFF6869BDE8DC
:1011C000F843F6F7DBB813F8012B0A2A11D10134E2
:1011D0006869FFF7FEF93246344449462846FFF76E
:1011E000A4FD6869F6F7CAF839462846F5F742FEC5
:1011F000BBE70136DCE71E4668693444FFF7E9F9CE
:10120000324649462846FFF790FD18F80430202B57
:1012100002D0093B042BE4D80134F6E700207047E4
:1012200083690020186070470EB403B503AA52F812
:10123000041B0192F5F708FD02B05DF804EB03B062
:10124000704708B50168FFF778F9002008BD83688A
:10125000BFF35B8F03F5207353E8001F41F00201D9
:1012600043E80012002AF7D10020BFF35B8F7047DC
:101270008368BFF35B8F03F5207353E8001F21F0F1
:10128000080143E80012002AF7D10020BFF35B8F6A
:1012900070478368BFF35B8F03F5207353E8001F2B
:1012A00021F0100143E80012002AF7D10020BFF31B
:1012B0005B8F70478368BFF35B8F03F5207353E840
:1012C000001F21F0200143E80012002AF7D100207E
:1012D000BFF35B8F70478368BFF35B8F03F52073A9
:1012E00053E8001F21F0020143E80012002AF7D161
:1012F0000020BFF35B8F70478368BFF35B8F03F5FC
:10130000207353E8001F41F0080143E80012002A4F
:10131000F7D10020BFF35B8F70478368BFF35B8F0B
:1013200003F5207353E8001F41F0100143E8001259
:10133000002AF7D10020BFF35B8F70478368BFF3AB
:101340005B8F03F5207353E8001F41F0200143E851
:101350000012002AF7D10020BFF35B8F70470023F3
:10136000C360704770B515461E46C468F1B13CB9FC
:10137000034653F8044F9C4209D10020308070BDD1
:101380008368A34202D10023C360F6E72468C460E7
:10139000002CF2D0228904F10A01284601F055FA06
:1013A0002389002201203380EA54E8E7002CE4D0AE
:1013B00043689C42E7D06468E9E72DE9F8430023DD
:1013C000044688461646C36022B3071D406887421C
:1013D00000D0B8B906F10A09002200234946206866
:1013E000FAF7D4F90546B8B963689F4212D0A168EC
:1013F000D1E9003213605A60C1E90000206800F0B2
:10140000CAFFE9E703899342E4D10A3001F04CFABC
:101410000028DFD1BDE8F8830681324641460A3014
:1014200001F013FA6368C5E900375D606560F1E7B4
:1014300070B50446061D00256368B34202D100233F
:10144000E36070BDA168D1E9003213605A60C1E960
:101450000055206800F09FFFEEE710B5044628B164
:10146000EFF74AFF002380B2984201D8002010BD58
:10147000E25C3F2A03D02A2A01D00133F4E701209D
:10148000F5E710B5044680684FF48072002100F53E
:10149000B07001F001FAA068B0F8582000F16001C6
:1014A00000F5B07001F0D1F9A06800F5B070FFF759
:1014B0006AFAA46804F5B070EFF71EFF0130A4F8D3
:1014C0005C0010BD10B504468068B0F85C2000F5E3
:1014D000B071603001F0B9F9A368B3F85C20A3F8EB
:1014E000582010BD01F0D8B901F0AFB9014600682D
:1014F000F6F774BA08B5F6F7E1FABDE80840F6F772
:1015000099BE0A460121FEF715BD00210120F6F71C
:1015100065BA6FF08500704761B662B680F31188D6
:10152000BFF36F8F704772B6002383F31188BFF348
:101530006F8FBFF34F8F30BF62B6BFF36F8F7047AF
:101540007047202809D9B0F1004F08D80138B0FA07
:1015500080F0C0F11F0040007047082070473E2017
:10156000704708B5D1E904319847002008BD08B597
:10157000F7F7CCF8002008BD0B0704D5A0F1410314
:10158000192B98BF2030704707B5134640220092B0
:101590000A46F7F7E1F803B05DF804FB08B5062248
:1015A00001210020F7F7C0FB002206201146F6F7C4
:1015B000A9FD012107220846F7F7B6FB0022072004
:1015C0001146F6F79FFD082201210220F7F7ACFB38
:1015D000002208201146F6F795FD0922012103207B
:1015E000F7F7A2FB002209201146F6F78BFD0A222D
:1015F00001210420F7F798FB00220A201146F6F794
:1016000081FD052117220846F7F78EFB00221720DF
:101610001146F6F777FD282206210A20F7F784FB0A
:10162000002228201146F6F76DFD002008BD01F0CC
:101630001F010120884070474FF0B042D2F880303F
:1016400023EA0003C2F880307047032925D8DFE879
:1016500001F0020D121C4FF0B0431A6822EA00029A
:101660001A605A6822EA00025A6070474FF0B0438D
:101670001A680243F4E74FF0B0435A6802435A60D5
:101680001A6822EA00021A6070474FF0B0431A68E5
:1016900002431A605A6810435860704700F0030212
:1016A0000F2304329200934043EA900000F00303BA
:1016B000020C92FAA2F29B0003F1B04303F580639F
:1016C00010B59C6824EA10400AB1B2FA82F2914047
:1016D0000143996010BD0022122008B51146F6F7AB
:1016E00011FD1220BDE80840F6F7FEBC00227F2065
:1016F00008B51146F6F706FD7F20BDE80840F6F76D
:10170000F3BC0A460121FEF715BCD0E92432C0F82B
:1017100098205B681A68936823F0004323F03F0326
:1017200043F00403936070470346083810B4BFF3D6
:101730005B8F50E8002F511C40E80014002CF8D1BA
:10174000BFF35B8F12B910BCFFF7DFBF6FF00F0262
:1017500010BC9A65704738B583680446DA0715D41B
:1017600001230A250360836823F0004323F03F032D
:1017700043F0010383602368DB0707D4642000F093
:101780007DFD013DF7D16FF0730000E0002038BD12
:101790008368DA0719D583685B070BD5B9B183680D
:1017A00023F0004323F03F0343F01003836083687A
:1017B0005A07FCD4836823F0004323F03F0343F02F
:1017C000020383608368DB07FCD4002070476FF05E
:1017D0000F00704738B5036904460D4623F47F7344
:1017E0005B055B0D8B420AD00021FFF7D1FF30B9BA
:1017F000236923F4806323F003032B43236138BD63
:101800000B8882B0C3F30B0303F62C72C2F30B02F6
:10181000202A14D803F1B043486803F511331A683D
:10182000024300201A600B88C3F30B0303F1B0439B
:1018300003F511331B680193019B02B070476FF0F1
:101840008500FAE70B88C3F30B0303F62C72C2F38F
:101850000B02202A0AD803F1B0434968002003F59F
:1018600011331A6822EA01021A6070476FF085008E
:10187000704770B508884A68C0F30B0094B2C2F391
:101880000445F8F75BFAA0B9FF2A11D0C2F341561C
:10189000012304F1B041120E013601F51131AA40C5
:1018A000B3400C68013BAB4024EA030313430B60D5
:1018B00070BD6FF08500FBE70888C0F30B0008B52A
:1018C00000F62C73C3F30B03202B0AD800F1B040B1
:1018D0004B6800F51130026893430CBF02200120D1
:1018E00008BDF8F72BFA00280CBF02200120F7E70B
:1018F0000A460121FEF71EBBF0B58BB006460DF17E
:1019000007038DF8071006930123CDE90732022360
:1019100006AA0993CDE90223CDE9042300F06EFD68
:10192000034600BB9DF80740354644F0800455F857
:10193000040B8DF8074082682946176802AAB84749
:10194000024668B93068836829461E6804ABB04710
:10195000024628B99DF80730A34218BF6FF0040271
:1019600010460BB0F0BD6FF00A02F9E710B588B071
:1019700004460DF107038DF8071004930123CDE908
:101980000532022304AA0793CDE9022300F036FDB5
:10199000034640B9214651F8040B8268146802AA34
:1019A000A04708B010BD6FF00A00FAE7F7B51F4670
:1019B000002304461646406801AA0D46ADF80430DF
:1019C000FFF79AFF00280DDBBDF8042052BA92B24F
:1019D00057B1324352BA29466068ADF8042001AAD3
:1019E000FFF7C4FF03B0F0BD22EA0602F2E7436846
:1019F00000205B681B690B60704743685B6858692F
:101A000042400A40424000205A617047436800202B
:101A10005B68996170474368090400205B689961BD
:101A20007047436800205B685A69514059617047AC
:101A300030B50369986800B30024884219D108685A
:101A40008CB9DC689860A14200D1D86000200860A1
:101A50002AB19A680A60DA68996002B9D9600020F0
:101A60000FE02846E9E72060D868814208BFDC60C3
:101A7000ECE705680446002DF3D1002AE9D16FF0A8
:101A8000150030BDF8B512F400340D46076902F0B8
:101A900030061DD0940718D551073BD54FF420448C
:101AA000130301D544F48014102E2ED144F4802465
:101AB00012F4403611D0796821FA05F3DB075FBFD5
:101AC0000123AB400B437B6007E04FF40054E7E792
:101AD000D103E9D4F6B94FF4C04402F44023D20153
:101AE0002946003B02F4403218BF01232243FEF78F
:101AF000FDF846B97B6823FA05F2D20741BF0122FF
:101B0000AA4093437B600020F8BD202E08BF44F418
:101B10000024CDE76FF08500F6E770B50B690E463F
:101B20000546996809B10C6801B970BD8A682A40F8
:101B300002D04B68304698471CB1236821461C46AA
:101B4000F2E72346FAE730B50368136005790468C5
:101B500004EBC504A34202D36FF0010030BD5C79F1
:101B600008338C42F1D10020F8E7F8B5044600EBC9
:101B70008105AC4201D100200FE054F8046B06F05F
:101B80001F00C6F34317F2F79BFB38B1012332461F
:101B90003946FEF7ABF80028EBDAF8BD6FF012001B
:101BA000FBE74368C1F34B1001F01F011B68C058ED
:101BB00001238B4003400020003B18BF012313701A
:101BC000704710B54368C1F34B1001F01F011A684C
:101BD000012384588B4023438350002010BD10B54F
:101BE0004368C1F34B14012201F01F0118688A40B9
:101BF000235823EA02032350002010BD38B50446C1
:101C00000D46FFF7DEFF29462046FFF7E8FF0020DC
:101C100038BDB0F5805F07D0B0F1805F09D10029F1
:101C20000CBF02200120704700290CBF04200320B4
:101C3000704700290CBF03200220704743681B68CF
:101C4000D869DA69C0F3C00002F0010240EA42003C
:101C5000DA699207DA6948BF40F004005107DA698F
:101C600048BF40F02000D20504D54FF4807240F008
:101C700008001A62C10701D508221A62820701D53D
:101C800001221A62410701D502221A62820601D599
:101C900004221A62704743681A6852E8003F43F012
:101CA000400342E800310029F7D1704743681A68C1
:101CB00052E8003F23F0400342E800310029F7D109
:101CC000704743681A6852E8003F43F0200342E837
:101CD00000310029F7D1704743681A6852E8003F85
:101CE00023F0200342E800310029F7D17047436810
:101CF0001B68D869C0F3401070470369C3E901123B
:101D00007047026953680BB1916818477047002209
:101D1000272008B51146F6F7F5F92720BDE8084059
:101D2000F6F7E2B900228E2008B51146F6F7EAF977
:101D30008E20BDE80840F6F7D7B943681B68D8691C
:101D4000C0F38010704743681B68D86910F08000AA
:101D500002D01868C0F38010704710B502690446BD
:101D60000B46126812680A6042681268126802F430
:101D7000C062B2F5806F33D0A2F5C06042424241EA
:101D80001A7162681268526802F44052B2F5805FBC
:101D900028D0B2F5405F27D0002A0CBF01220322D1
:101DA0005A71626812681068116800F0102001F41E
:101DB000C061FFF72EFF9871626800201268926878
:101DC00002F44072A2F540714A424A41DA716168F8
:101DD0000968896811F4804F18BF0322DA7110BDB9
:101DE0000222CDE70022DBE70222D9E738B54368BB
:101DF0000C461B681868196800F0102001F4C061D7
:101E0000FFF707FF04281AD0D86910F0800015D01A
:101E1000EFF31181102080F31288BFF36F8F002041
:101E2000151A002D06DDDD692D0603D5255C013070
:101E30009D62F5E781F31188BFF36F8F38BD6FF0B6
:101E40008500FBE710B5436810201B68DA691206AD
:101E5000FCD5EFF3118280F31288BFF36F8FDC693A
:101E6000240604D482F31188BFF36F8FEEE79962E2
:101E700082F31188BFF36F8F10BD43681B68DA6966
:101E8000910602D51A68920607D4D86910F040006E
:101E900004D01868C0F3801070470120704738B52F
:101EA00043680C461B681868196800F0102001F49C
:101EB000C061FFF7AEFE04280FD000200821151ADC
:101EC000002D0CDDDD69AD0609D55D6A25540130B4
:101ED000DD692D07F3D51962F1E76FF0850038BD94
:101EE00043681B68DA69100701D508221A62DA69AB
:101EF000920603D55B6A00200B7070474FF0FF30ED
:101F000070472DE9F0410A79044603690D46012A1C
:101F1000D0F804801E6814D0A2F1020CDCF1000796
:101F200047EB0C07BF0269794046F8F711F9AB7926
:101F3000022B09D0042B31D0131E18BF01231B0321
:101F400006E04FF4C067EEE7B2FA82F35B091B07C5
:101F5000EA79D8F80010012A0CBF4FF4407C4FF00A
:101F6000000CAE421DD10A6822F0805222F4B05219
:101F70003A431A430A604B6823F440530343204614
:101F80004B6063681A68936823F4407343EA0C0358
:101F900093603168BDE8F041F8F786B94FF480539B
:101FA000D6E7D1F800E00EF4C06E774506D0D1F840
:101FB00000E02EF4C06E4EEA07070F6061680F68FC
:101FC000796801F44051884204D0796821F4405185
:101FD0000143796061680868016801F010218B4253
:101FE00004D0016821F010210B4303606368196875
:101FF0008B6803F440739C4505D08B6823F44073D1
:1020000043EA0C038B606368D71E1B6878429968AB
:102010007841C1F38031884207D0032A9A680CBF07
:1020200042F4804222F480429A60296833689942DF
:1020300007D02046F8F738F908B92B683360BDE8B7
:10204000F0810020FBE7036801F4006201F4C02185
:1020500023F4006313430360C36823F4C0230B43DA
:10206000C360704730B50446086808B9106008E0DE
:10207000206845689D4205D3B5FBF3F515602368DC
:10208000186830BD08302060086801380860EBE748
:102090004369DA0702D590F83030F9E7036823F096
:1020A000010303600368DB07FCD47047C0F34510ED
:1020B000082804D910288CBF042002207047012072
:1020C0007047436840699BB223B980F48050C0F3E5
:1020D00000307047C0F3C00080F00100C0B270470C
:1020E00038B5D1B100224D681346AA420ED180887E
:1020F000FFF7DCFFB3FBF0F100FB11337BB9B1F567
:10210000803FB4BF08466FF0790038BD0C6804EB1F
:10211000C204013264682344E7E70846F5E76FF03C
:102120001500F2E70A460121FDF704BF70B5064627
:102130000D4691F86040224629463046F8F7D2FA1B
:10214000EB6D241A1B1A14F0FF04EB6501D0002B71
:10215000F1D170BD03460A4600681979012303FADC
:1021600001F103691B681942836818BF82F00102FC
:102170000AB1DB6818471B69FCE713B501AA406880
:102180000C46FFF7E0FC002805DB019B00221979D3
:102190001868FFF7EAFC012C02D1831C08BF00205D
:1021A00002B010BD38B503680546C2680C4603F49A
:1021B000006302F4C022134310D14269520710D5C4
:1021C0008A6D72B1CA6D62B1F8F7EAFA2146284603
:1021D000FFF7ACFF6B691B0722D438BDB3F5C12FE5
:1021E00008D06A69D10702D5E26D002AEED1B3F5B5
:1021F000C02FEFD06B699A07ECD5A36D002BE9D007
:10220000E26D9342E6D121462846F8F7C9FAE1E7A4
:10221000002221462846F8F765FAE36D1B1AE365AC
:10222000E36D002BF4D1D8E710B5036804464BB139
:102230001A7D3AB1186900F021F8206800210830B1
:10224000FFF788FFA36933B9636004F11000BDE8AC
:102250001040F9F7A9BA10BD10B544680069FFF73E
:10226000E3FF2068FFF714FF002010BDEFF311809B
:10227000102383F31288BFF36F8F704738B504467D
:1022800050B1F9F711F84FF4F07305465C43F9F7D4
:102290000BF8431BA342FAD338BD10B5436904467B
:1022A0003BB90020E2684042537843F00103537089
:1022B00010BD98470028F4D00028E368B8BF40421A
:1022C000FF28A8BFFF201870ECE7C3685B78DB0726
:1022D00001D4FFF7E2BF6FF07700704740B1C368E9
:1022E000587810F001001EBF1878B0FA80F040094D
:1022F0007047EFF31183102383F31288BFF36F8FBE
:10230000FEE72DE9F04F89B005460F46059206A875
:10231000DDE912684346324600F0CFF9DDE90634C4
:10232000CDE90234EFF311844FF0100989F31288DC
:10233000BFF36F8F05F10C0A05F1140B059A3946AE
:102340002846149B984730B184F31188BFF36F8FF0
:1023500009B0BDE8F08F56EA0806F5D006A8DDE919
:10236000022300F0CFF9524621465846DDE90668BF
:10237000CDE90068F9F7D2FDEFF3118489F31288F3
:10238000BFF36F8FDAE710B400F10C04C0E9034427
:1023900010BCFCF727BF38B50446EFF311851023B6
:1023A00083F31288BFF36F8FF1F7A4FA04F10C00E6
:1023B00000F0F8F830B1294604F11400BDE83840C7
:1023C000F9F734BD85F31188BFF36F8F38BD10B5B1
:1023D0001024EFF3118384F31288BFF36F8FFFF79C
:1023E000A2F8F6E73AB18A4205D3C0E90212C0E981
:1023F0000000002070476FF015007047EFF3058074
:10240000003818BF012070477C307047002310B59A
:102410008B4202D10020136010BDC45CAA2CF9D1FC
:102420000133F5E70A4608B5D0E92701FFF7EEFFCB
:10243000002008BD38B58589EFF31181102282F3A1
:102440001288BFF36F8F037C13F0080404D081F36C
:102450001188BFF36F8F38BD0122F9F745FCEB07F8
:10246000F9D584F31188BFF36F8F0423184602DF78
:10247000F1E7F9F711BDD0E9003213605A6000238B
:10248000C0E90033704708B5FFF7F5FF037C23F080
:10249000020303740023836008BD10B5EFF31184B9
:1024A000102383F31288BFF36F8FF9F7B3FB84F324
:1024B0001188BFF36F8F10BD38B504460D46F9F78C
:1024C000E9FB237C43F002032374D5B1A5602B689C
:1024D0009D4209D16B68C4E900531C606C6010E038
:1024E0006A689A42F6D01B68002BF3D093F90E105D
:1024F00094F90E209142F3DD5A68C4E90032146069
:102500005C6038BD08B5EFF31181102282F31288A8
:10251000BFF36F8F83680BB1FFF7B5FF81F31188AD
:10252000BFF36F8F08BD08B5037C014613F0280F79
:102530000CD183680BB1FFF7A6FF0B7C084623F094
:1025400004030B74BDE80840F9F764BB08BD38B557
:102550000446EFF31185102383F31288BFF36F8FC6
:10256000F9F790FF18B9A4F11800FFF7DCFF85F325
:102570001188BFF36F8F38BD08B50346EFF31181A3
:10258000102282F31288BFF36F8F0068834207D056
:1025900008B1FFF778FF81F31188BFF36F8F08BD93
:1025A0000020F8E770B50546EFF31186102383F39A
:1025B0001288BFF36F8F04680020A54204D186F310
:1025C0001188BFF36F8F70BD002CF8D02046FFF745
:1025D0005AFF04F11800F9F713FF2046F9F71AFB28
:1025E0002C680120E9E738B505460C46F9F7EEFC02
:1025F000B4F1FF3F08BFB5F1FF3F0AD0C117093062
:102600004FF00A024FF0000341F10001EEF748FEDF
:1026100038BD4FF0FF30FBE7C11763304FF0640265
:1026200041F1000108B50023EEF73AFEC117F9F7B2
:10263000CDFC6423584308BD2DE9F04706460F46FC
:1026400091469A46EFF31188102383F31288BFF363
:102650006F8F0068864206D028B17368984214BF15
:102660000568002568B90024B9F1000F02D0514671
:102670002046C84788F31188BFF36F8F2046BDE816
:10268000F0875146B84704460028EDD135B173684C
:10269000AB4200D02C6828462546E3E72C46FAE7F3
:1026A00008B5F9F707FDBDE80840F9F733BD08B5EF
:1026B000F9F772FF08BDF9F76FBFB3F1FF3F08BF2D
:1026C000B2F1FF3F70B506461D46144614D01A43BA
:1026D00016D0002B08DBF9F75FFF041941EB050169
:1026E0003046C6E9004170BD6FF001031C1B4FF07E
:1026F000FF3363EB0501F3E74FF0FF342146EFE7CB
:102700000024FBE7B3F1FF3F08BFB2F1FF3FF8B58C
:10271000074616461C4610D054EA020311D0F9F7BA
:102720003BFFB0420A460346A1410AD2F31A64EBCA
:1027300002043846C7E90034F8BD4FF0FF331C46A9
:10274000F7E70023FBE730B50023002400250363EF
:102750004363C0E9081200F11802C0E90033C0E980
:102760000622C0E9024530BD2DE9F347044615466F
:102770000E46DDE90A9859B302F0010AF9F794FC14
:102780000746EFF31181102383F31288BFF36F8F95
:10279000A80744BF0023A360A36803EA0600BAF1B8
:1027A000000F0CD086420CD16A0744BF8343A3605C
:1027B00081F31188BFF36F8F02B0BDE8F087002866
:1027C000F2D159EA080305D181F31188BFF36F8F65
:1027D0000020F1E7C7E91865224604F10C00CDE9B5
:1027E0000098F9F79BFB0028F2D1386EE4E710B5AA
:1027F00004460B68D0E9180212F0010F03EA000347
:1028000001D0984210D17BB15207236604F1180021
:1028100042BF4A681A434A60F9F7F2FD0023204696
:10282000C4F8B430FFF77FFE002010BD0023C0E9DC
:102830000000836070470A46F9F794BF0A460021FA
:10284000F9F790BF5200FFF78FBF0A44914200F1A1
:10285000FF3300D1704710B511F8014B03F8014F59
:102860009142F9D110BD884210B501EB020402D9A2
:102870008442234607D8431EA14207D011F8012BFA
:1028800003F8012FF8E70244824200D110BD13F88B
:10289000011D02F8011DF7E702440346934200D1EF
:1028A000704703F8011BF9E710B501390244904263
:1028B00001D1002005E0037811F8014FA34201D0B7
:1028C000181B10BD0130F2E7C9B20346184613F8D1
:1028D000012B12B18A42F9D17047002918BF00209C
:1028E000704710B56AB10139841810F8012B11F83E
:1028F000013F9A4203D1A04201D0002AF5D1D01A5B
:1029000010BD1046FCE710B50139034632B111F88D
:10291000014F03F8014B013A002CF7D11A44002172
:10292000934200D110BD03F8011BF9E710B5024630
:1029300001448A42134603D01C780132002CF8D19E
:10294000181A10BD0A7870B56AB970BD9A4209D1DB
:102950000C46054614F8013F002BF6D015F8016F20
:102960009E42F7D001300378002BEFD11846ECE7F8
:102970002DE9F843C3F13709074688465FFA89F91C
:1029800003F01F051646384641462A460023EEF757
:1029900087FCD4B2092C3A4688BF4C44434688BFD2
:1029A000E4B2AA424FF0000204F13004934106F869
:1029B000014B07468846E6D23046BDE8F8832DE94C
:1029C000F041B0FA80F68E1B002907460C4606F14E
:1029D000070645DB0846FBF739FA06442046FBF7B5
:1029E0003BFA351B2A1A3D322146384600F04FF992
:1029F000B44233DC1F2D61DC4FF0FF33AB4027EADC
:102A00000303B3FA83F35B091D46B0FA80F3F31AAC
:102A10009E33FE2B56DC002B23EAE371CCBF0B4622
:102A200001239B1BA3F1970420FA04F2963B12F0BA
:102A3000010220FA03F308D04FF0FF32A24030EA3F
:102A400002023DD1E5B303F00102D018C0F3160035
:102A500000B9114440EAC150BDE8F0810123D3E739
:102A60004D422846FBF7F8F9361A2846FBF7F4F9E9
:102A7000A6EB040808EB00023C322946384600F079
:102A8000F3F8B44213DCB8F11F0F17DC4FF0FF333B
:102A900003FA08F337EA030310D10521B7FBF1F27B
:102AA00002EB8204A74204D101331746F6E7002364
:102AB000F3E79D428CBF00230123A5E70023A3E792
:102AC0000122C2E74FF0FF40C6E72DE9F04F89B081
:102AD0000518029304AB41EB01040093904628468D
:102AE000D2E90023214600F0E2F806AB0093074646
:102AF0008946D8E902232846214600F0D8F8DDE9C6
:102B00000423841851EB0306069BD8E900124FF00A
:102B1000000528BF0125ED18079B43F10003791834
:102B200049EB0202B94272EB0902D8E9022134BF33
:102B300001200020A21846EB01018018029A41F101
:102B40000001A042A2F1410A71EB060234BF01224A
:102B500000225219CDE90653CDF800A043F100033D
:102B600000F0BCF8129BC3E90001D8E902210391EF
:102B700014990129DDE90653D8E900E027D103992A
:102B8000CDF800A0A21A66EB0101774579EB0000B1
:102B900034BF01200020101A61F10001844276EB5D
:102BA000010234BF01220022AA1A63F1000300F0DF
:102BB00095F8139BC3E90001DDE90623CDF800A0D9
:102BC0002046314600F08AF809B0BDE8F08F17EBD7
:102BD000070B49EB090C14EB040846EB0601BB4557
:102BE0007CEB090934BF0127002718EB070741F1E7
:102BF0000008F3457CEB000C34BF01200020381A9C
:102C000068F10001801A039A61EB02016D195B41C2
:102C1000A74278EB060234BF01220022AD1843F12F
:102C20000003874278EB010834BF01220022AA1A70
:102C3000029DA5F140050095B7E710B50299A3FBE9
:102C40000043A2FB0020001943F100033F29DBBF32
:102C5000A1F12002C1F1400140398B40D6BFD040E4
:102C600023FA01F0184310BD30B587B0044608467A
:102C700002A91546FBF78CF9049B00955A1C059B8D
:102C8000204643F10003FFF7D8FF07B030BD30B551
:102C900087B015460446084602A9FBF705F9DDE9A9
:102CA000042300952046FFF7C8FF07B030BDF0B5FC
:102CB00000240D4606469446A0FB02012246E5FB91
:102CC0000C12A446E3FB061CE5FB032412EB0C02EA
:102CD000059F44F10004C7E90024F0BDF0B5059C50
:102CE000C4F14007C4F1200602FA06F6A4F120055B
:102CF000BB4022FA05F53343C4F120062B4301FA09
:102D000006F6A4F12005E04021FA05F53043BA406B
:102D10002843E14010431943F0BD0246534221F0DD
:102D20000040134340EAD370C0F1FF4000F5E000DB
:102D3000C00F704720F00040B0F1FF4F94BF00205B
:102D40000120704710B14FF00040704700207047DD
:102D50002DE9F0410446CE0FC1F30A55C1F313012A
:102D600054EA0107167140F2FF706AD1002D70D14C
:102D70002C462946002B15605FDB0C2B5FDCC3F172
:102D80000D05AD00012005F1FF3CA5F12107C5F1BE
:102D9000210620FA06F600FA07F700FA0CF037438E
:102DA000061847EB0708D6F1000E68EB480C013E09
:102DB00048F1FF38264008EA0108B04277EB0808DE
:102DC0000FDBC5F12008B5F1200601FA08F824FA56
:102DD00005F545EA08055CBF41FA06F63543ED07FF
:102DE00003D52018044641EB070104EA0E0401EA6A
:102DF0000C019DF8186018460D250532C6F127060E
:102E000004F00F03240944EA0174091163B9A842CC
:102E10000DDA013DF4D21AE01DB90125A5F2FF3506
:102E2000A8E741F48011F9E7092BC8BF9B1930339B
:102E3000A8425355B8BF2846EBE70023D9E70D2336
:102E4000D7E78542E8D146F0080616710020BDE8B4
:102E5000F0818542E5D146F00406F6E7D1E9043277
:102E600093421EBF5A1C0A611870704720F000423E
:102E7000B2F1FF4F70B50346044610D3002807DABD
:102E8000FFF758FF20B92046BDE87040FBF746BC6D
:102E900021462046EDF7A0FE0446204670BD002ADC
:102EA000FBD00028F0DB10F0FF4127D0C215C3F3A0
:102EB0001603A2F17F0043F40003D20758BF5B0062
:102EC000002440105B00192526464FF080717218CF
:102ED0009A42DDBF561864189A1A1A46013D4FEA05
:102EE00042034FEA5101F2D112B1013424F001043E
:102EF000641004F17C5404EBC054CEE75B0018026C
:0C2F00000A4601F10101F9D55242D0E768
:082F0C0022E4FE7F0100000039
:102F140000000000FC2F01088542000800000000AA
:102F240069B7000800000000000000001C30010820
:102F3400000000005C310108000000003C31010881
:102F440000000000FC300108000000009C31010872
:102F5400000000001C31010800000000DC30010802
:102F640000000000BC300108000000009C30010893
:102F7400000000007C300108000000005C30010803
:102F8400000000003C300108000000007C31010812
:102F94009D1501080000000000000000DC3101085C
:102FA40000000000BC3101085D9D00080000000025
:102FB40005B1000800000000AD4300080000000057
:102FC400358700080000000000000000FC31010803
:102FD400000000001C320108000000003C3201081F
:102FE400000000005C320108195C000800000000C9
:082FF4001D3A00080000000076
:102FFC008E73010800000000443701088C02002485
:10300C0000000000A99A000800000000DC4601083E
:10301C00B77501082C4701082C37010890020024D1
:10302C000000000000000000000000002047010824
:10303C0089550108343E0108083701087002002444
:10304C002C0E0024A142000800000000283E0108BC
:10305C009D550108543E01080837010872020024EE
:10306C003C0E0024A142000800000000483E01086C
:10307C00B1550108743E0108083701087402002498
:10308C004C0E0024A142000800000000683E01081C
:10309C00C5550108943E0108083701087602002442
:1030AC005C0E0024A142000800000000883E0108CC
:1030BC00D9550108B43E01080837010878020024EC
:1030CC006C0E0024A142000800000000A83E01087C
:1030DC00ED550108D43E0108083701087A02002496
:1030EC007C0E0024A142000800000000C83E01082C
:1030FC0001560108F43E0108083701087C0200243F
:10310C008C0E0024A142000800000000E83E0108DB
:10311C0015560108143F0108083701087E020024E7
:10312C009C0E0024A142000800000000083F01088A
:10313C0029560108343F0108083701088002002491
:10314C00AC0E0024A142000800000000283F01083A
:10315C003D560108543F010808370108820200243B
:10316C00BC0E0024A142000800000000483F0108EA
:10317C0051560108743F01080837010884020024E5
:10318C00CC0E0024A142000800000000683F01089A
:10319C00A36F01080000000000000000860200245C
:1031AC0000000000598C00080000000010450108C8
:1031BC006F7601084047010860370108920200242D
:1031CC00B0010024F1A40008000000003047010801
:1031DC00967601089847010860370108940200248C
:1031EC00C4010024F1A40008000000008C47010871
:1031FC006073010828450108F43601088802002490
:10320C000000002481920008000000001C45010809
:10321C0072730108C0450108F43601088A020024C3
:10322C00A80000248192000800000000B4450108A9
:10323C001D7801081C4801083C370108960200243F
:10324C00D801002499A800080000000004480108D7
:10325C009A750108F4460108003701088E02002413
:10326C004B130024B19E000800000000E846010842
:10327C00000000000B150108000000000B150108F0
:10328C00000000000B150108000000000B150108E0
:10329C00000000000B150108000000000B150108D0
:1032AC00AA790108418D0008A8790108418D000810
:1032BC00A6790108418D0008A4790108418D000808
:1032CC00A2790108418D0008000000000B150108CF
:1032DC00000000000B150108000000000B15010890
:1032EC00000000000B150108000000000B15010880
:1032FC00000000000B150108000000000B15010870
:10330C0000000000718F0008000000000B15010880
:10331C00000000000B150108000000000B1501084F
:10332C00000000000B150108A0790108418D000870
:10333C00000000000B150108000000000B1501082F
:10334C00000000000B150108000000000B1501081F
:10335C00000000000B150108000000000B1501080F
:10336C00000000000B150108000000000B150108FF
:10337C00000000000B150108000000000B150108EF
:10338C00000000000B150108000000000B150108DF
:10339C00000000000B150108000000000B150108CF
:1033AC00000000000B150108DC310108031D0108A9
:1033BC009E790108418D0008000000000B150108E2
:1033CC00000000000B150108000000000B1501089F
:1033DC00000000000B150108000000000B1501088F
:1033EC00000000000B150108000000000B1501087F
:1033FC00000000000B150108000000000B1501086F
:10340C00000000000B150108000000000B1501085E
:10341C00000000000B150108000000000B1501084E
:10342C00000000000B150108000000000B1501083E
:10343C00000000000B150108000000000B1501082E
:10344C00000000000B150108000000000B1501081E
:10345C00000000000B150108000000000B1501080E
:10346C00000000000B150108000000000B150108FE
:10347C00000000000B150108000000000B150108EE
:10348C00000000000B150108000000000B150108DE
:10349C00000000000B150108000000000B150108CE
:1034AC00000000000B150108000000000B150108BE
:1034BC00000000000B150108000000000B150108AE
:1034CC00000000000B150108000000000B1501089E
:1034DC00000000000B150108000000000B1501088E
:1034EC00000000000B150108000000000B1501087E
:1034FC00000000000B150108000000000B1501086E
:10350C00000000000B150108000000000B1501085D
:10351C00000000000B150108000000000B1501084D
:10352C00000000000B150108000000000B1501083D
:10353C00000000000B150108000000000B1501082D
:10354C00000000000B150108000000000B1501081D
:10355C00000000000B150108000000000B1501080D
:10356C00000000000B150108000000000B150108FD
:10357C00000000000B150108000000000B150108ED
:10358C00000000000B150108000000000B150108DD
:10359C00000000000B150108000000000B150108CD
:1035AC00000000000B150108000000000B150108BD
:1035BC00000000000B150108000000000B150108AD
:1035CC00000000000B150108000000000B1501089D
:1035DC00000000000B150108000000000B1501088D
:1035EC00000000000B150108000000000B1501087D
:1035FC00000000000B150108000000000B1501086D
:10360C00000000000B150108000000000B1501085C
:10361C00000000000B150108000000000B1501084C
:10362C00000000000B150108000000000B1501083C
:10363C00000000000B150108000000000B1501082C
:10364C00000000000B150108000000000B1501081C
:10365C00000000000B150108000000000B1501080C
:10366C00000000000B150108000000007D8F000811
:10367C00000000000B150108000000000B150108EC
:10368C00000000000B150108000000000B150108DC
:10369C00000000000B150108000000000B150108CC
:1036AC00000000000B150108000000000B150108BC
:1036BC00000000000B150108000000000B150108AC
:1036CC00000000000B150108000000000B1501089C
:1036DC00000000000B150108000000000B1501088C
:0836EC00BC310108031D0108B7
:1036F4007590000865950008E40C0000AD9D000875
:103704001D9E0008851A0108EF190108FB1901081C
:103714000D1A0108171A0108231A0108A5A00008A8
:10372400311A010800000000A31B0108C31B010893
:10373400DF1B0108FD1B0108E1A90008592201084B
:10374400011801084518010800000000BD9900088F
:10375400B91801080000000073180108E11E0108EF
:10376400451E01083D1C0108CDA300085B1D01088E
:10377400ED1D01089F1E0108971C0108AD1C0108DE
:10378400471D0108C31C0108D91C01083B1D010881
:10379400EF1C010889A1000801A200087B1E010892
:0837A40000000000FB1C0108FD
:1037AC0084730108030000006D550108030000003C
:1037BC00AA75010804000000C66F01080300000090
:1037CC00C156010803000000C556010803000000A3
:1037DC00C3570108030000008756010803000000CE
:1037EC003C6F0108030000001B7901080300000076
:1037FC007F540108030000001C6201080300000054
:10380C0022620108030000003B780108030000005D
:10381C0088730108030000007856010803000000BB
:10382C0065560108030000007E55010803000000E6
:08383C00AD7601080300000055
:103844005C40010878010024B2570108010000001F
:1038540020420108281200243662010800000000FA
:103864002D62010898010024300F002488010024EF
:1038740002000000A44101082C0F0024B8410108F3
:10388400000300242262010850080024C01600240A
:103894008C420108383D0108FC4001089C400108A5
:1038A400504101080C4201086442010888400108A3
:1038B400A0420108504201083C4201087842010834
:1038C40000000000000000000000000000000000F4
:1038D4000000000009580108105801080000000009
:1038E400B14F000800000000045A01080E5A0108F4
:1038F4000000000025500008030000003F580108A4
:103904004558010800000000CD4F000802000000E7
:103914002D5A0108345A01085039010800000000EA
:1039240000000000CB580108D25801080000000034
:1039340091190008010100002959010831590108B1
:10394400000000000D50000800000000000000000E
:103954000000000000000000000000000000000063
:10396400065D01080B5D010800000000915300088A
:1039740002000000235B0108285B0108000000002E
:10398400D150000800000000A55C0108AC5C0108EF
:10399400000000002953000802000000C95B010870
:1039A400D05B010800000000ED5100080000000099
:1039B400425C01084A5C010800000000C152000892
:1039C40002000000000000000000000000000000F1
:0839D4000000000000000000EB
:0839DC00F9530008195400081A
:1039E800FFFFFFFFFFFFFF7FFFC99A3B00000000BA
:1039F8006588635DDC46030060C79C220000000008
:103A0800F4000000020000001B5B4A00001B3800A5
:103A1800001B3700001B5B4800001B5B324A00009C
:103A28001B5B4A00001B5B6D00001B3700001B3846
:103A380000001B3800001B5B4A00001B3700001BFE
:103A48005B3F336C00001B5B4800001B5B324A0085
:103A5800001B3700001B38000000000000000000B9
:103A68000100000000000000050000000000000048
:103A780019000000000000007D00000000000000A8
:103A88007102000000000000350C0000000000007A
:103A9800093D0000000000002D3101000000000079
:103AA800E1F505000000000065CD1D0000000000E4
:103AB800F902950000000000DD0EE9020000000098
:103AC800514A8D0E000000009573C24800000000A6
:103AD800E941CC6B010000008D49FD1A0700000088
:103AE800C16FF28623000000C52EBCA2B100000001
:103AF800D9E9AC2D780300003D9160E4581100002D
:103B080031D6E275BC560000F52E6E4DAEB10100FF
:103B1800C9EA268367780800ED95C28F055A2A00FE
:103B2800A1EDCCCE1BC2D30025A4000A8BCA220467
:103B3800000000000000000000000000000000106D
:103B48000000000000000000B9340332B7F4AD14DF
:103B580010DB1AB30892540E0D307D951447BA1A2B
:103B680066088F4D26ADC66DF598BF85E2B745113D
:103B7800CA96853D92BD1DEBFCA11860DCEF52167C
:103B88003C92AE220BB8C1B4839D2D5B0562DA1C52
:103B9800304C7E8F4E8BB25B16F4529F8B56A5121B
:103BA800FBD4827643ED8AF08FE7F9311565191851
:103BB80050F19BD94A13EEB4284CF0A686C1251FB4
:103BC800035FC270CB9E4916E642889C44EB2014E2
:103BD800B0650836AD6EA58585F0CA14E2FD031AF6
:103BE8000B899979D5B13D09D8DA973A35EBCF10D9
:103BF800AC363F5E73BB38CF3E6752FA44AFBA1556
:103C0800010000000000000000000000000000208B
:103C1800345065C05FC9A652BB13CBAEC440C218AE
:103C280006C8DF7100D5A87CF56F0FDA58FC27139A
:103C38006E4756357D24206502C7E768E48CA41DCD
:103C4800E9E60268D7CD39617977FCC2405BEF16A7
:103C5800798CDE43FFA751F991F3B278F5BDBE1117
:103C6800E857E9D6E8BEE87BB054AC8F848D751B65
:103C7800EA23A499E9F9D38BB7A3714061DA3E1519
:103C8800CEE33ECB73F948088C97B427D51B701048
:103C9800A2BFEFB9EB8532154DB44DB49BBB6F197C
:103CA80096B6076CF8E7EEAD36D9B4F59135AE1394
:103CB800222218AF4E6A684D91DAAA3D4F40741E11
:103CC8009FBD9EE006A1C09857C2A7FDA40E9017FD
:103CD8000E7D497173E3208FB220D87605143B120C
:103CE800853D7434811343B0AD297A5F27F4351CC0
:103CF800E2652F227F2B7A3C075C143326A6813C91
:103D0800BDCBF07A8807703C075C143326A6913C3B
:103D18004FBB610567ACDD3F182D4454FB21E93FDB
:103D28009BF681D20B73EF3F182D4454FB21F93FCA
:103D3800B8520108BC5201084C3D010800000000BF
:103D480000000000503D010890690108D6520108A2
:103D580000000000B12D000803000000F052010827
:103D6800F7520108000000004D2F00080101000073
:103D78001353010818530108A03D01080000000072
:103D8800010000000000000000000000000000002A
:103D98000000000000000000A43D010826530108AF
:103DA8002C5301080000000009300008060000003C
:103DB800685301086C53010800000000CD35000865
:103DC80007000000AA530108B453010800000000CE
:103DD8001D35000804000000E4530108EB530108F6
:103DE80000000000B93300080200000000000000D5
:103DF80000000000000000000000000000000000BB
:103E08000100000002003004040060080800900C63
:103E18001000C0102000F014400020198000501D30
:103E28002C3E01080100000097550108FFFF000023
:103E3800002802580A000000E0000000000400000A
:103E48004C3E010801000000AB550108FFFF0000CF
:103E58000024025809000000E000000000020000F1
:103E68006C3E010801000000BF550108FFFF00007B
:103E78000020025808000000E000000000010000D7
:103E88008C3E010801000000D3550108FFFF000027
:103E9800001C025807000000E0000000800000003D
:103EA800AC3E010801000000E7550108FFFF0000D3
:103EB8000018025806000000E00000004000000062
:103EC800CC3E010801000000FB550108FFFF00007F
:103ED8000014025805000000E00000002000000067
:103EE800EC3E0108010000000F560108FFFF00002A
:103EF8000010025804000000E0000000100000005C
:103F08000C3F01080100000023560108FFFF0000D4
:103F1800000C025803000000E00000000800000048
:103F28002C3F01080100000037560108FFFF000080
:103F38000008025802000000E00000000400000031
:103F48004C3F0108010000004B560108FFFF00002C
:103F58000004025801000000E00000000200000018
:103F68006C3F0108010000005F560108FFFF0000D8
:103F78000000025800000000E000000001000000FE
:103F88007C3101085C3101083C3101081C31010811
:103F9800FC300108DC300108BC3001089C30010805
:103FA8007C3001085C3001083C3001080500000045
:103FB800BC3F0108000000088C56010828000206D2
:103FC800000000249256010824000B110000F01F85
:103FD8009756010824000411000004309E56010879
:103FE8001A00081100000430AB5601080E00041135
:103FF800100400240001000013FE0008A9FD0008B9
:1040080002000000FBFF00080000000000000000A4
:104018000000000000000000925701089A570108AC
:10402800000000000000000000000000A257010886
:10403800A6570108AA570108AE5701084C400108C5
:10404800F80E0024814F0008100F002426130024C6
:1040580001000000BD000108B3000108810001084B
:104068007500010800000000690001080000000058
:10407800CC5701080000009000000010000000026A
:10408800DC570108E3570108C438010800000000A4
:1040980000000000125E0108E75D0108B040010859
:1040A8000000000000000000B4400108235B010884
:1040B800F0400108DC390108A5540008010100009E
:1040C800F75D0108FC5D0108E03901083954000872
:1040D80002000000000000000000000000000000D6
:1040E8000000000000000000C40BD286195E010821
:1040F8004A5E0108075F01080C5F010810410108CA
:104108000000000000000000144101089069010847
:104118001A5F010800000000315600080000000086
:104128002A5F01082E5F010800000000655700089B
:104138000000000000000000000000000000000077
:104148000000000000000000B5600108BC60010824
:1041580064410108AD5700080202000068410108E7
:104168007E6101088361010800000000755800089D
:1041780005020000BB610108C061010800000000E1
:104188004D5B000802010000000000000000000074
:104198000000000000000000000000002C130024B4
:1041A8001E000000B10D01086438010880010024D8
:1041B80054380108E4410108141200246400000086
:1041C800D0410108DC110024080900248000000007
:1041D80000000000E700010802000000ED0F0108E0
:1041E8001C1200242C1300241E000000495C000847
:1041F80035010108110101085501010823010108D1
:10420800000000004A650108F7640108000000008A
:10421800016B000801000000DD710008810F010832
:10422800411001080000000000000000000000002C
:1042380000000000FF650108066601080000000094
:10424800F9750008010000003066010837660108AA
:10425800B44201089D76000801010000DC660108EF
:10426800E466010800000000B575000801000000C0
:10427800F5660108FB660108E0420108000000003D
:1042880000000000216701082767010800000000FE
:1042980069760008010000003567010839670108E0
:1042A800000000001D12010800000000B8420108CB
:1042B8005C670108646701080000000015750008C4
:1042C80001000000000000000000000000000000E5
:1042D8000000000000000000E4420108A86701088F
:1042E800B1670108000000005975000801000000CE
:1042F800CE670108DD67010884430108000000005B
:10430800000000008D68010894680108C444010891
:104318000000000000000000AB680108B168010857
:10432800844401080000000000000000C86801087B
:10433800CF680108444401080000000000000000A4
:10434800DE680108E36801080444010815760008DE
:1043580001010000F6680108FC680108C44301086F
:104368000000000000000000000000000000000045
:104378000000000000000000000000008843010861
:104388000E6901081869010800000000711201088F
:104398000100000050690108576901080000000089
:1043A800F9120108010000000000000000000000F0
:1043B800000000000000000000000000C8430108E1
:1043C8008E690108946901080000000021120108A3
:1043D80001000000C2690108C76901080000000067
:1043E8004175000801000000000000000000000006
:1043F8000000000000000000000000000844010860
:1044080092650108F369010800000000D71201084D
:10441800010000002E590108326A0108000000005E
:104428004F12010801000000000000000000000019
:1044380000000000000000000000000048440108DF
:1044480092650108456A010800000000A57500088A
:10445800010000002E590108556A010800000000FB
:1044680043120108010000000000000000000000E5
:10447800000000000000000000000000884401085F
:1044880092650108646A010800000000B51201087D
:10449800010000002E5901087C6A01080000000094
:1044A8003D130108010000000000000000000000AA
:1044B800000000000000000000000000C8440108DF
:1044C80092650108936A0108000000009312010830
:1044D800010000002E590108AB6A01080000000025
:1044E8001B1301080100000000000000000000008C
:1044F8000000000000000000000000000000002490
:104508000000000000000B0614450108010000002F
:10451800C16F010820450108010000006D73010802
:1045280000600258ED160108E000000000000001DC
:104538000000000000000000000000000000000073
:104548000000030084450108AC79010870450108A2
:1045580002000300090011002100410084012B031F
:1045680005000102025C00000000000004000000D9
:10457800080000000C000000100000008C45010835
:104588000100000094450108080000004260000096
:104598006260000025610000E5600000A560000081
:1045A800656000004561000005610000B84501082C
:1045B800010000007F73010800200240D71601089F
:1045C800D8000000200000000000000000000000EB
:1045D8000000000000000000000003001C46010865
:1045E800B17901080846010802000300090011001A
:1045F8002100410084012B0305000102025C000038
:104608000000000004000000080000000C0000008A
:104618001000000024460108010000002C46010893
:1046280001000000606000000000000020000000A1
:10463800400000006000000080000000A0000000B2
:10464800C0000000E00000000001000020010000A0
:10465800400100000000000001000000020000000E
:104668000300000004000000050000000600000030
:104678000700000008000000090000000A00000010
:104688000B0000000C0000000D0000000E000000F0
:104698000F000000060000000C00000012000000DF
:1046A8001800000000010000060100000C010000D5
:1046B80012010000180100000002000006020000BC
:1046C8000C020000120200001802000000030000A3
:1046D80006030000E0460108010000009B73010882
:1046E800EC46010801000000A57501083C320108EC
:1046F80080F0FA02040100007C3101080400010086
:10470800000000000100000000000000100301018B
:104718000101010101010000244701080100000016
:10472800C875010800440258344701080200000017
:104738007F76010887760108000C0058FC2F0108D5
:104748001C300108831300006C47010801000000B9
:10475800000000000000000000000000744701088D
:10476800251D0108F4000000080000007C4701082E
:10477800010000008447010802000000C150040045
:10478800E15000009047010801000000A6760108EA
:1047980000480040FC2F01081C30010812120000DC
:1047A800C4470108010000000000000000000000EC
:1047B80000000000CC4701080F1D0108E8000000B8
:1047C80000000400D447010801000000DC4701088C
:1047D80002000000034F0400234F00000000000007
:1047E8000000001000000020000000300000004021
:1047F8000000005000000060000000700848010838
:10480800020000002A7801082F7801087C3101088D
:1048180004000100003001405448010844480108E0
:10482800020000000100000001000000000000007C
:1048380000000000FFFF000010000000F000000072
:10484800001000000900000050004C005C480108FE
:10485800010000006448010803000000A04A0B00A2
:10486800C04A0B00A14A0B00000000002000000015
:10487800400000006000000080000000A000000070
:10488800C0000000E000000000010000200100005E
:10489800400100006001000080010000A00100004C
:1048A800C0010000E0010000030000000400000057
:1048B80005000000060000000700000008000000D6
:1048C800090000000A0000000B0000000C000000B6
:1048D8000D0000000E0000000F0000001000000096
:1048E8001100000012000000130000001400000076
:1048F8001500000016000000170000001800000056
:10490800190000001A0000001B0000001C00000035
:104918001D0000001E0000001F000000CC780108E8
:10492800DA780108EE780108FD78010809790108AC
:10493800142F0108142F0108B42F0108BC2F0108F7
:10494800F42F0108FC2F0108207901080100050057
:104958004A790108020007002679010804000800C6
:104968002F790108080004003479010810000900B3
:104978003E790108200008004779010840000A0034
:1049880052790108800006000000000000000000C5
:10499800000000000000000000000040955969591F
:1049A800555554551555555604051541105455403F
:1049B80045515544404550445055554500400040E8
:1049C8004004449665555655454045545141154057
:1049D80055915555555540510501000054455454BD
:1049E800455505040010041014044000000001405F
:1049F80055551541540400004400010000000040D2
:104A08004100004450444550540055555455655193
:104A180000400040010000010005010011545151FF
:104A28005455550500154150000004401001040577
:104A38000000000000000000DCCFD13500000000BD
:104A480000C0153F0000803F0000C03F000FC93F75
:104A5800000F494000CB9640000FC9400053FB406F
:104A680000CB164100ED2F41000F49410031624152
:104A780000537B41003A8A4100CB9641005CA34138
:104A880000EDAF41007EBC41000FC94100A0D541F7
:104A98000031E24100C2EE410053FB4100F2034203
:104AA800003A0A420083104200CB164200141D420D
:104AB800005C234200A5294200ED2F420036364211
:104AC800007E3C4200C74242000F4942A20000005B
:104AD800F9000000830000006E0000004E00000096
:104AE800440000001500000029000000FC00000040
:104AF8002700000057000000D1000000F50000006A
:104B080034000000DD000000C0000000DB000000F1
:104B18006200000095000000990000003C000000C1
:104B2800430000009000000041000000FE0000006B
:104B38005100000063000000AB000000DE00000030
:104B4800BB000000C500000061000000B7000000C5
:104B5800240000006E0000003A000000420000003F
:104B68004D000000D2000000E00000000600000038
:104B7800490000002E000000EA00000009000000C3
:104B8800D1000000920000001C000000FE000000A0
:104B98001D000000EB0000001C000000B100000038
:104BA80029000000A70000003E000000E800000007
:104BB8008200000035000000F50000002E00000013
:104BC800BB0000004400000084000000E900000071
:104BD8009C0000007000000026000000B4000000E7
:104BE8005F0000007E000000410000003900000066
:104BF80091000000D600000039000000830000008A
:104C08005300000039000000F40000009C00000080
:104C1800840000005F0000008B000000BD00000061
:104C2800F9000000280000003B0000001F00000001
:104C3800F800000097000000FF000000DE00000000
:104C480005000000980000000F000000EF000000C1
:104C58002F000000110000008B0000005A00000027
:104C68000A0000006D0000001F0000006D00000039
:104C7800360000007E000000CF0000002700000082
:104C8800CB00000009000000B70000004F00000042
:104C9800460000003F000000660000009E00000083
:104CA8005F000000EA0000002D0000007500000011
:104CB80027000000BA000000C7000000EB00000059
:104CC800E5000000F10000007B0000003D0000004E
:104CD8000700000039000000F70000008A0000000B
:104CE8005200000092000000EA0000006B00000083
:104CF800FB0000005F000000B10000001F00000082
:104D08008D0000005D000000080000005600000053
:104D1800030000003000000046000000FC00000016
:104D28007B0000006B000000AB000000F0000000FA
:104D3800CF000000BC000000200000009A00000026
:104D4800F4000000360000001D000000A90000006B
:104D5800E300000091000000610000005E00000018
:104D6800E60000001B0000000800000065000000CD
:104D780099000000850000005F000000140000009A
:104D8800A000000068000000400000008D00000046
:104D9800FF000000D8000000800000004D00000067
:104DA800730000002700000031000000060000002A
:104DB800060000001500000056000000CA000000B0
:104DC80073000000A8000000C90000006000000097
:104DD800E20000007B000000C00000008C00000022
:104DE8006B0000000000C93F0000F0390000DA370E
:104DF8000000A2330000842E0000502B0000C227C0
:104E08000000D0220000C41F0000C61B0000441789
:104E18000400000007000000090000000100020073
:104E28000400060008000A000C00100020004000E2
:104E3800800000010001000100010001496E766157
:104E48006C6964206368616E6E656C3A20302D373A
:104E580020616C6C6F7765640A004661696C6564F3
:104E680020746F207772697465204441432076610D
:104E78006C75652028657272202564290A004368CC
:104E8800616E6E656C2025642073657420746F20D4
:104E9800252E3266206D41202844414320636F75DA
:104EA8006E743A2025752C20563A20252E3266201D
:104EB8006D56290A00414443207265616420666189
:104EC800696C65642028657272202564290A00448B
:104ED8004143204368616E6E656C2025643A204327
:104EE800757272656E7420726561646261636B20AD
:104EF8003D20252E3266206D410A002D2D2D2041A2
:104F080063747561746F72205374617475732028AB
:104F180043757272656E7420526561646261636B79
:104F280029202D2D2D0A0043482025643A2045725A
:104F3800726F722072656164696E670A0043482067
:104F480025643A20252E3266206D410A0053746587
:104F580070206D75737420626520706F7369746951
:104F680076650A005374617274696E672073776599
:104F78006570206F6E2043482025643A20252E3224
:104F88006620746F20252E3266206D412C207374A4
:104F9800657020252E3266206D412C2064656C6179
:104FA80079202575206D730A004441432077726982
:104FB8007465206661696C656420286572722025B5
:104FC80064290A004144432072656164206661696E
:104FD8006C656420617420252E3266206D41207333
:104FE8006574706F696E7420286572722025642953
:104FF8000A00536574706F696E743A20252E326604
:10500800206D41202D3E204D656173757265643AAF
:1050180020252E3266206D410A0053776565702081
:10502800636F6D706C6574652E0A004144432045BA
:1050380052524F523A2041445244592074696D6586
:1050480064206F7574210A00414443204552524F31
:10505800523A2043616C6962726174696F6E2074A0
:10506800696D6564206F7574210A007261773D254A
:10507800752028307825303458292020765F6D76C1
:105088003D252E32662020746F3D2575202049531A
:10509800523D3078253038580A00546F67676C697C
:1050A8006E6720434825643A202575203C2D3E2014
:1050B80025752028666173742070617468292E2014
:1050C8004374726C2B4320746F2073746F702E0AB4
:1050D800002020737465702025643A2077726F74FD
:1050E800652025750A00446F6E652E0A00465241F8
:1050F80020252E316620487A3A2025752074696D5E
:10510800696E67206F76657272756E73210A004149
:1051180044432044454255473A206D696E3D257504
:10512800206D61783D25752073756D5F693D252E6D
:1051380032662073756D5F713D252E32660A004117
:105148006D706C6974756465206D75737420626523
:10515800203E2030206D410A00496E76616C6964FA
:10516800206672657175656E63792072616E676518
:105178000A00506F696E74732070657220646563ED
:10518800616465206D757374206265203E20300A65
:10519800005374617274696E6720465241205377D8
:1051A800656570206F6E2043482025643A2044438B
:1051B8003D252E32666D412C20416D703D252E32E5
:1051C800666D412C20252E3166487A2D252E3166B4
:1051D800487A2C205050443D252E31660A006672CC
:1051E80065715F687A2C6761696E5F64622C7068AC
:1051F8006173655F6465670A00252E32662C252E6B
:1052080033662C252E32660A005374617274696EF7
:1052180067204163747561746F7220436F6E747296
:105228006F6C6C6572206F6E204E75636C656F20B5
:10523800483735335A49004861726477617265208E
:1052480064657669636573206E6F74207265616446
:10525800790044414320434820256420696E6974DD
:10526800206661696C6564004144432043482025F9
:105278006420696E6974206661696C6564005265B2
:105288006164792E205573652027646163207374E7
:10529800617475732720746F207365652063757258
:1052A80072656E7420726561646261636B732E004F
:1052B8006461630044414320616E642041637475F6
:1052C80061746F7220636F6D6D616E6473005365F6
:1052D800742076616C75653A20736574203C636848
:1052E8003E203C76616C3E007374617475730052A5
:1052F8006561642063757272656E743A20737461B7
:10530800747573205B3C63683E5D0074657374005C
:105318005465737420636F6D6D616E647300737789
:105328006565700053776565703A207377656570B9
:10533800203C63683E203C73746172745F6D613E0B
:10534800203C73746F705F6D613E203C73746570B0
:105358005F6D613E203C64656C61795F6D733E00F2
:10536800667261004652412053776565703A20663F
:105378007261203C63683E203C64635F6D613E203F
:105388003C616D705F6D613E203C665F7374617255
:10539800743E203C665F73746F703E203C7070648E
:1053A8003E00666173747772697465004661737450
:1053B8002053504920746573743A2066617374777A
:1053C80072697465203C63683E203C76616C5F6C52
:1053D8006F3E203C76616C5F68693E006164637271
:1053E800617700526177204144432073616E69748C
:1053F8007920636865636B3A206164637261772022
:105408003C63683E006865617020636F72727570F6
:1054180074696F6E20286E6F7420696E20757365CD
:105428003F29206174202570006865617020636FD2
:105438007272757074696F6E20286275666665721F
:10544800206F766572666C6F773F2920617420251E
:1054580070006865617020636F7272757074696F2F
:105468006E2028646F75626C6520667265653F29D9
:10547800206174202570006F735F68656170002A71
:105488002A2A20426F6F74696E67205A657068799E
:1054980072204F53206275696C642076342E342E46
:1054A800302D31313139392D673361363430363466
:1054B8003339633561202A2A2A0A00286E756C6CF4
:1054C800290028756E7369676E65642920636861B1
:1054D80072202A207573656420666F7220252570F6
:1054E80020617267756D656E742E2049742773206C
:1054F8007265636F6D6D656E64656420746F20639B
:1055080061737420697420746F20766F6964202A2F
:105518002062656361757365206974206D61792007
:105528006361757365206D69736265686176696F1B
:105538007220696E206365727461696E20636F6E94
:1055480066696775726174696F6E732E2053747221
:10555800696E673A2225732220617267756D656EE0
:10556800743A25640063627072696E74665F706174
:10557800636B616765007379735F6765746F7074D7
:10558800006770696F403538303232383030006724
:1055980070696F6B006770696F403538303232342C
:1055A8003030006770696F6A006770696F4035381E
:1055B800303232303030006770696F690067706967
:1055C8006F403538303231633030006770696F684A
:1055D800006770696F4035383032313830300067D5
:1055E80070696F67006770696F40353830323134E1
:1055F8003030006770696F66006770696F403538D2
:10560800303231303030006770696F65006770691B
:105618006F403538303230633030006770696F64FE
:10562800006770696F403538303230383030006785
:1056380070696F63006770696F4035383032303495
:105648003030006770696F62006770696F40353885
:10565800303230303030006770696F610073746DBC
:1056680033325F6770696F706F72745F6D67720055
:1056780073746D33325F6261636B75705F646F6DF5
:1056880061696E00464C415348005352414D0053E6
:10569800595354454D005352414D5F4554485F425C
:1056A8005546005352414D5F4554485F4445534366
:1056B800006C6F6767696E67006C6F67006C6F6777
:1056C8005F6D676D74004D6573736167652028228F
:1056D800257322292064726F707065642062656387
:1056E80061757365206974206578636565647320E6
:1056F80073697A65206C696D69746174696F6E206D
:1057080028257529004D6573736167652064726F7C
:1057180070706564206265636175736520697420C3
:10572800657863656564732073697A65206C696D53
:1057380069746174696F6E2028257529000D0A0047
:105748001B5B306D0025732E0025733A20005B2506
:105758003031306C755D20005B253032753A25306C
:1057680032753A253032752E253033752C25303375
:10577800755D20003C25733E200025732F002530E1
:1057880032782000202020007C001B5B313B333125
:105798006D001B5B313B33336D00657272007772AD
:1057A8006E00696E6600646267006C6F675F6261B5
:1057B800636B656E645F75617274006C6F675F75AB
:1057C800617274006D656D6F7279403930303030B8
:1057D800303030006B65726E656C004B65726E65BB
:1057E8006C20636F6D6D616E6473006379636C65C3
:1057F800733A202575206877206379636C65730A8E
:10580800006379636C6573004B65726E656C206329
:1058180079636C65732E00556E61626C6520746FD8
:1058280020706172736520696E70757420286572C6
:1058380072202564290A00736C656570006D730019
:10584800557074696D653A20256C6C75206D730A06
:10585800002D70002D2D70726574747900556E736B
:105868007570706F72746564206F7074696F6E3ACA
:105878002025730A00757074696D653A20256C6C73
:105888007520646179732C20256C6C7520686F75A0
:1058980072732C20256C6C75206D696E7574657338
:1058A8002C20256C6C75207365636F6E64732C20D7
:1058B800256C6C75206D696C6C697365636F6E64BB
:1058C800730A00757074696D65004B65726E656C5E
:1058D80020757074696D652E2043616E20626520A5
:1058E80063616C6C656420776974682074686520EE
:1058F8002D70206F72202D2D707265747479206F51
:105908007074696F6E7300342E342E3939005A65FD
:10591800706879722076657273696F6E2025730AD4
:105928000076657273696F6E004B65726E656C20E8
:1059380076657273696F6E2E005468697320636FA1
:105948006D6D616E64206973206465707265636152
:105958007465642061732069742069732061206410
:1059680075706C69636174652E2055736520276CAA
:105978006F6720656E61626C652720636F6D6D616E
:105988006E642066726F6D206C6F6767696E672042
:10599800636F6D6D616E6473207365742E0A0055B4
:1059A8006E61626C6520746F207061727365206C23
:1059B8006F672073657665726974792028657272DD
:1059C800202564290A00496E76616C6964206C6F31
:1059D80067206C6576656C3A2025640A00556E610F
:1059E800626C6520746F2066696E64206C6F672036
:1059F800736F757263653A2025730A006C6F675F71
:105A08006C6576656C003C6D6F64756C65206E61C5
:105A18006D653E203C73657665726974792028301F
:105A28002D34293E00746872656164004B65726E9E
:105A3800656C20746872656164732E0053636865D1
:105A480064756C65723A2025752073696E636520EC
:105A58006C6173742063616C6C0A005468726561D0
:105A680064733A0A004E41002573257020252D31B4
:105A780030730A00096F7074696F6E733A2030785A
:105A880025782C207072696F726974793A202564C0
:105A98002074696D656F75743A20256C6C640A0012
:105AA8000973746174653A2025732C20656E7472CD
:105AB800793A2025700A00556E61626C6520746F12
:105AC8002064657465726D696E6520756E757365A1
:105AD8006420737461636B2073697A652028256478
:105AE800290A0A0009737461636B2073697A652057
:105AF800257A752C20756E7573656420257A752C4A
:105B080020757361676520257A75202F20257A75A1
:105B180020282575202525290A0A006C6973740038
:105B28004C697374206B65726E656C20746872655D
:105B38006164732E0025702049525120253032644B
:105B4800202573287265616C2073697A6520253475
:105B58007A75293A09756E757365642025347A75E6
:105B68000975736167652025347A75202F202534DF
:105B78007A75202825327A75202525290A0025706E
:105B880020252D33327320287265616C2073697A61
:105B9800652025347A75293A09756E757365642010
:105BA80025347A750975736167652025347A7520FF
:105BB8002F2025347A752028253275202525290A95
:105BC80000737461636B73004C697374207468723A
:105BD8006561647320737461636B207573616765B5
:105BE8002E0054687265616420494420257020693C
:105BF80073206E6F742076616C69640A0045727256
:105C08006F723A5368656C6C2074687265616420C1
:105C180063616E6E6F742062652073757370656E54
:105C28006465640A00546872656164202570207395
:105C3800757370656E6465640A0073757370656E5C
:105C480064006B65726E656C2074687265616420AF
:105C580073757370656E64203C7468726561645F07
:105C680069643E004572726F723A5368656C6C20C5
:105C78007468726561642063616E6E6F742062651A
:105C880020726573756D65640A0054687265616495
:105C980020257020726573756D65640A00726573DE
:105CA800756D65006B65726E656C207468726561F0
:105CB8006420726573756D65203C746872656164F3
:105CC8005F69643E004572726F723A5368656C6C26
:105CD800207468726561642063616E6E6F742062FF
:105CE80065206B696C6C65640A000A2054687265EB
:105CF8006164202570206B696C6C65640A006B69AF
:105D08006C6C006B65726E656C207468726561649A
:105D1800206B696C6C203C7468726561645F6964AF
:105D28003E0044657669636520756E6B6E6F776EAD
:105D380020282573290A0044657669636520257340
:105D480020697320616C726561647920696E697479
:105D580069616C697A65640A0044657669636520DF
:105D6800257320696E697469616C697A6174696FF9
:105D78006E206661696C6564207769746820657255
:105D8800723D25640A0044657669636520257320A1
:105D9800696E697469616C697A6564207375636397
:105DA80065737366756C6C790A00524541445900F5
:105DB80044495341424C45440064657669636573C0
:105DC8003A0A005B25705D002D20257300202044D1
:105DD80054206E6F6465206C6162656C733A004490
:105DE800657669636520636F6D6D616E64730069C4
:105DF8006E6974004D616E75616C6C7920696E69AD
:105E08007469616C697A6520612064657669636587
:105E1800004C69737420636F6E6669677572656498
:105E280020646576696365732C20776974682061DE
:105E38006E206F7074696F6E616C2066696C746532
:105E480072005B3C6465766963652066696C74659D
:105E5800723E5D00496E76616C696420686F757288
:105E68000A00496E76616C6964206D696E757465A7
:105E78000A00496E76616C6964207365636F6E64AD
:105E88000A00496E76616C6964206D6F6E74680AE9
:105E980000496E76616C6964206461790A00466124
:105EA800696C656420746F2063616C63756C6174E0
:105EB80065207365636F6E64732073696E63652014
:105EC80045706F63680A00436F756C64206E6F7469
:105ED8002073657420646174652025640A00256454
:105EE8002D253032752D2530327520253032753A02
:105EF800253032753A25303275205554430A0064EE
:105F0800617465004461746520636F6D6D616E64D2
:105F180073005B592D6D2D645D203C483A4D3A5312
:105F28003E00676574005B6E6F6E655D0055736952
:105F38006E672064617461207769647468202564E1
:105F48000A00496E636F72726563742064617461DC
:105F58002077696474680A00526561642076616C10
:105F68007565203078256C6C780A005772697469F9
:105F78006E672076616C7565203078256C6C780AC0
:105F880000696E76616C69642061646472202725FB
:105F980073270A00696E76616C69642073697A6593
:105FA80020272573270A00696E76616C696420775B
:105FB8006964746820272573270A00613A733A7761
:105FC8003A00272D61203C616464726573733E2733
:105FD800206973206D616E6461746F72790A00279D
:105FE8002D73203C73697A653E27206973206D61A3
:105FF8006E6461746F72790A00496E636F727265BC
:10600800637420646174612077696474683A202538
:10601800750A006465766D656D206C6F6164207328
:106028007570706F7274732073657474696E67200D
:10603800627970617373206F6E20612073696E6777
:106048006C6520696E7374616E63652E0A004C6F0F
:106058006164696E672E2E2E0A70726573732063F1
:1060680074726C2D78206374726C2D7120746F209B
:106078006573636170650A004E756D626572206FA5
:106088006620627974657320726561643A202564BC
:106098000A002D2D002D6500556E6B6E6F776E20F2
:1060A8006F7074696F6E20222573220A006465760A
:1060B8006D656D00526561642F7772697465207033
:1060C8006879736963616C206D656D6F72790A55C3
:1060D800736167653A0A52656164206D656D6F7218
:1060E80079206174206164647265737320776974C0
:1060F80068206F7074696F6E616C2077696474686A
:106108003A0A6465766D656D203C616464726573F6
:10611800733E205B3C77696474683E5D0A57726918
:106128007465206D656D6F72792061742061646497
:10613800726573732077697468206D616E64617429
:106148006F727920776964746820616E6420766163
:106158006C75653A0A6465766D656D203C616464AA
:10616800726573733E203C77696474683E203C76A0
:10617800616C75653E0064756D7000557361676587
:106188003A0A6465766D656D2064756D70202D61C1
:10619800203C616464726573733E202D73203C73E8
:1061A800697A653E205B2D77203C77696474683E88
:1061B8005D0A006C6F61640055736167653A0A6433
:1061C80065766D656D206C6F6164205B6F707469B6
:1061D8006F6E735D205B616464726573735D0A4FF3
:1061E8007074696F6E733A0A2D65096C6974746C02
:1061F800652D656E6469616E207061727365005209
:10620800582072696E6720627566666572206675C9
:106218006C6C2E007368656C6C2E7368656C6C5FB3
:106228007561727400756172743A7E242000736817
:10623800656C6C5F756172745F6261636B656E64D7
:1062480000537562636F6D6D616E64733A0A000A7C
:1062580025732573006E6F74207465726D696E61A5
:106268007465643A2025630A00506C656173652083
:1062780073706563696679206120737562636F6DF9
:106288006D616E642E0A004572726F723A207265F3
:1062980071756573746564206D756C7469706C656F
:1062A8002066756E6374696F6E20657865637574B2
:1062B800696F6E730A003A20636F6D6D616E6420BA
:1062C8006E6F7420666F756E6400546F6F206D6119
:1062D8006E7920617267756D656E747320696E20C2
:1062E80074686520636F6D6D616E642E0A00257396
:1062F8003A2077726F6E6720706172616D657465A0
:106308007220636F756E740A005741524E494E47AA
:106318003A2041207072696E7420726571756573D8
:106328007420776173206465746563746564206F95
:106338006E206E6F7420616374697665207368657A
:106348006C6C206261636B656E642E0A00506C652C
:1063580061736520707265737320746865203C549E
:1063680061623E20627574746F6E20746F2073656D
:106378006520616C6C20617661696C61626C652076
:10638800636F6D6D616E64732E0A00596F752063BB
:10639800616E20616C736F20757365207468652069
:1063A8003C5461623E20627574746F6E20746F2075
:1063B80070726F6D7074206F72206175746F2D63C9
:1063C8006F6D706C65746520616C6C20636F6D6DAA
:1063D800616E6473206F72206974732073756263D1
:1063E8006F6D6D616E64732E0A00596F752063615D
:1063F8006E2074727920746F2063616C6C20636FF7
:106408006D6D616E64732077697468203C2D683EF9
:10641800206F72203C2D2D68656C703E2070617273
:10642800616D6574657220666F72206D6F7265208C
:10643800696E666F726D6174696F6E2E0A000A5319
:1064480068656C6C20737570706F72747320666FFA
:106458006C6C6F77696E67206D6574612D6B6579FB
:10646800733A0A20204374726C202B202861206B19
:1064780065792066726F6D3A206162636465666B48
:106488006C6E70747577290A2020416C7420202B5B
:10649800202861206B65792066726F6D3A206266EC
:1064A800290A506C6561736520726566657220748F
:1064B8006F207368656C6C20646F63756D656E74AE
:1064C8006174696F6E20666F72206D6F72652064EB
:1064D800657461696C732E0A000A417661696C61A2
:1064E800626C6520636F6D6D616E64733A0A00506B
:1064F80072696E7473207468652068656C70206DAD
:106508006573736167652E00253038583A20007C22
:106518000A001B5B25642563001B5B313B33256444
:106528006D001B5B34303325646D005573616765FE
:106538003A20257320002573252D2A73002D680025
:106548002D2D68656C70004C6F7374206C6F6773C9
:106558003A20256C750A0041637469766520736872
:10656800656C6C206261636B656E64733A0A002027
:10657800202532642E203A257320282573290A0005
:106588005B2533645D2025730A006F6666002573FA
:106598003A257325730A0020756E6B6E6F776E202F
:1065A800706172616D657465723A20004563686F49
:1065B800207374617475733A2025730A004E6F2036
:1065C800726573706F6E73652066726F6D20746884
:1065D80065207465726D696E616C2C2061737375CA
:1065E8006D65642038307832342073637265656E67
:1065F8002073697A650A0072657476616C0050725E
:10660800696E742072657475726E2076616C75653A
:10661800206F66206D6F737420726563656E7420D9
:10662800636F6D6D616E6400726573697A650043AE
:106638006F6E736F6C652067657473207465726D17
:10664800696E616C2073637265656E2073697A6523
:10665800206F7220617373756D6573206465666160
:10666800756C7420696E2063617365207468652099
:10667800726561646F7574206661696C732E204958
:1066880074206D7573742062652065786563757410
:10669800656420616674657220656163682074654D
:1066A800726D696E616C20776964746820636861D3
:1066B8006E676520746F20656E7375726520636FF1
:1066C8007272656374207465787420646973706C81
:1066D80061792E00686973746F727900436F6D6D0C
:1066E800616E6420686973746F72792E00736865CF
:1066F8006C6C0055736566756C2C206E6F74205534
:106708006E69782D6C696B65207368656C6C2063A5
:106718006F6D6D616E64732E00636C65617200430A
:106728006C6561722073637265656E2E0072656DAB
:106738000049676E6F7265206C696E6573206265CB
:1067480067696E6E696E672077697468202772655D
:106758006D20270064656661756C740041737375FC
:106768006D652038302063686172732073637265C9
:10677800656E20776964746820616E642073656E45
:106788006420746869732073657474696E67207413
:106798006F20746865207465726D696E616C2E0077
:1067A8006261636B656E6473004C69737420616326
:1067B80074697665207368656C6C206261636B65CB
:1067C8006E64732E0A006261636B73706163655F48
:1067D8006D6F646500546F67676C65206261636BF9
:1067E8007370616365206B6579206D6F64652E0A2F
:1067F800536F6D65207465726D696E616C7320618D
:106808007265206E6F742073656E64696E6720739D
:10681800657061726174652065736361706520637A
:106828006F646520666F72206261636B7370616369
:106838006520616E642064656C657465206275749A
:10684800746F6E2E205468697320636F6D6D616E6E
:106858006420666F72636573207368656C6C20745E
:106868006F20696E746572707265742064656C65FA
:106878007465206B6579206173206261636B737046
:106888006163652E00636F6C6F727300546F676786
:106898006C6520636F6C6F7265642073796E7461C8
:1068A800782E00767431303000546F67676C65203D
:1068B800767431303020636F6D6D616E64732E00B5
:1068C80070726F6D707400546F67676C65207072BA
:1068D8006F6D70742E006563686F00546F67676C26
:1068E80065207368656C6C206563686F2E0073742F
:1068F800617473005368656C6C2073746174697398
:10690800746963732E006261636B73706163650001
:1069180053657420646966666572656E7420657374
:106928006361706520636F646520666F72206261C1
:10693800636B737061636520616E642064656C6568
:106948007465206B65792E0064656C657465005309
:106958006574207468652073616D65206573636173
:10696800706520636F646520666F72206261636B77
:10697800737061636520616E642064656C6574651D
:10698800206B65792E0072657365740052657365B6
:1069980074207368656C6C207374617469737469AE
:1069A800637320666F7220746865204C6F67676533
:1069B80072206D6F64756C652E0073686F77004781
:1069C8006574207368656C6C207374617469737482
:1069D80069637320666F7220746865204C6F6767FF
:1069E8006572206D6F64756C652E00446973616211
:1069F8006C65207368656C6C206563686F2E204534
:106A0800646974696E67206B65797320616E6420B0
:106A18006D6574612D6B65797320617265206E6F89
:106A2800742068616E646C656400456E61626C65B3
:106A3800207368656C6C206563686F2E0044697309
:106A480061626C652070726F6D70742E00456E61A6
:106A5800626C652070726F6D70742E00446973618A
:106A6800626C6520767431303020636F6D6D616EB5
:106A780064732E00456E61626C6520767431303027
:106A880020636F6D6D616E64732E0044697361627B
:106A98006C6520636F6C6F7265642073796E7461C6
:106AA800782E00456E61626C6520636F6C6F72654D
:106AB800642073796E7461782E00436F6D6D616E1A
:106AC800642062756666657220697320746F6F2032
:106AD80073686F727420746F20657870616E6420BB
:106AE800616C6C20636F6D6D616E6473206D617491
:106AF8006368696E672077696C646361726420708B
:106B080061747465726E3A2025730A0072302F61C1
:106B1800313A2020307825303878202072312F61A2
:106B2800323A2020307825303878202072322F6190
:106B3800333A20203078253038780072332F61348A
:106B48003A2020307825303878207231322F697019
:106B58003A2020307825303878207231342F6C7202
:106B68003A20203078253038780020787073723ACF
:106B78002020307825303878004661756C74696E4D
:106B88006720696E737472756374696F6E206164CF
:106B9800647265737320287231352F7063293A2027
:106BA80030782530387800556E68616E646C65649D
:106BB800204952516E3A202564002A2A2A2A2A207E
:106BC8005553414745204641554C54202A2A2A2AE4
:106BD8002A0020204469766973696F6E20627920E3
:106BE8007A65726F002020556E616C69676E656406
:106BF800206D656D6F727920616363657373002022
:106C0800204E6F20636F70726F636573736F7220AD
:106C1800696E737472756374696F6E7300202049AE
:106C28006C6C6567616C206C6F6164206F662045D1
:106C380058435F52455455524E20696E746F205028
:106C480043002020496C6C6567616C207573652072
:106C58006F662074686520455053520020204174A7
:106C680074656D707420746F2065786563757465DC
:106C780020756E646566696E656420696E737472EA
:106C8800756374696F6E002A2A2A2A2A204255538E
:106C9800204641554C54202A2A2A2A2A00202053CB
:106CA8007461636B696E67206572726F7200202071
:106CB800556E737461636B696E67206572726F726B
:106CC80000202050726563697365206461746120D7
:106CD800627573206572726F7200202042464152BD
:106CE80020416464726573733A20307825780020F7
:106CF80020496D70726563697365206461746120F1
:106D0800627573206572726F72002020496E737409
:106D180072756374696F6E20627573206572726F25
:106D280072002020466C6F6174696E672D706F6900
:106D38006E74206C617A7920737461746520707246
:106D480065736572766174696F6E206572726F72B1
:106D5800002A2A2A2A2A204D5055204641554C54AB
:106D6800202A2A2A2A2A002020537461636B696E1C
:106D780067206572726F722028636F6E746578740D
:106D88002061726561206D69676874206265206E94
:106D98006F742076616C69642900202044617461F5
:106DA800204163636573732056696F6C6174696F02
:106DB8006E0020204D4D4641522041646472657337
:106DC800733A2030782578002020496E73747275E4
:106DD8006374696F6E204163636573732056696FCE
:106DE8006C6174696F6E00526573657276656420B4
:106DF800457863657074696F6E20280053707572EA
:106E0800696F757320696E74657272757074202865
:106E18004952512000535053454C20696E207468E4
:106E280072656164206D6F646520646F6573206EA0
:106E38006F7420696E6469636174652050535000F3
:106E480045534620636F756C64206E6F74206265CD
:106E5800207265747269657665642073756363650D
:106E6800737366756C6C792E205368616C6C206E38
:106E780065766572206F636375722E002A2A2A2A46
:106E88002A2048415244204641554C54202A2A2A57
:106E98002A2A002020427573206661756C74206F61
:106EA8006E20766563746F72207461626C652072FF
:106EB8006561640020204465627567206576656EAB
:106EC800740020204661756C7420657363616C6181
:106ED80074696F6E20287365652062656C6F772909
:106EE80000415243485F45584345505420776974E0
:106EF8006820726561736F6E2025780A002A2A2A35
:106F08002A2A204465627567206D6F6E69746F72F6
:106F180020657863657074696F6E202A2A2A2A2A88
:106F2800002A2A2A2A2A20257320256429202A2A89
:106F38002A2A2A006D7075004661696C65642074A0
:106F48006F20616C6C6F63617465206E6577204D8E
:106F5800505520726567696F6E2025750A0050616B
:106F680072746974696F6E2025753A20636F68655D
:106F780072656E636520636865636B206661696C22
:106F880065642E00496E76616C6964206C696E6573
:106F9800206E756D62657220257500696E74657264
:106FA800727570742D636F6E74726F6C6C6572405D
:106FB80035383030303030300065787469006578A5
:106FC80074695F73746D333200414443206F766592
:106FD8007272756E206572726F72206F636375725C
:106FE8007265642E2055736520444D412C207265CE
:106FF8006475636520636C6F636B20736F75726370
:1070080065206672657175656E63792C20696E639B
:107018007265617365207072657363616C65722057
:1070280076616C7565206F7220696E637265617335
:10703800652073616D706C696E672074696D657326
:107048002E0041444320636C6F636B20726174654A
:1070580020676574206572726F722E004144432068
:10706800436C6F636B2072617465206E756C6C0085
:10707800446966666572656E7469616C20636861EF
:107088006E6E656C73206E6F7420737570706F729E
:10709800746564206F6E20746869732041444300EE
:1070A800446966666572656E7469616C2063616CBB
:1070B8006962726174696F6E206E6F7420646F6E9E
:1070C800652C2063616E6E6F74207573652064692A
:1070D80066666572656E7469616C206D6F646500C3
:1070E8004572726F722073657474696E6720646983
:1070F80066666572656E7469616C206368616E6E40
:10710800656C00496E76616C6964206368616E6EB7
:10711800656C206761696E00496E76616C696420F0
:107128006368616E6E656C207265666572656E6314
:1071380065004163717569736974696F6E2074695C
:107148006D6520657870656374656420696E207468
:1071580069636B73206F6E6C790053616D706C6935
:107168006E672074696D652076616C7565206E6F39
:107178007420737570706F727465642E004E756D2F
:10718800626572206F6620636F6D6D6F6E2073612C
:107198006D706C696E672074696D65206368616ED7
:1071A8006E656C73206E6F7420737570706F727477
:1071B800656400496E76616C69642073616D706CFA
:1071C800696E672074696D65004661696C65642045
:1071D800746F206765742041444320636C6F636B50
:1071E800206672657175656E637900496E76616CAB
:1071F800696420636C6F636B207072657363616C84
:1072080065722076616C75650041444320636C6F3C
:10721800636B206672657175656E637920746F6F34
:107228002068696768202575004144432070696EAD
:107238006374726C207365747570206661696C651F
:10724800642028256429004E6F206368616E6E658E
:107258006C732073656C656374656400546F6F208C
:107268006D616E79206368616E6E656C7320666F00
:10727800722073657175656E6365722E204D617835
:107288003A20256400496E76616C696420726573E2
:107298006F6C7574696F6E004572726F72207365DA
:1072A8007474696E67207468652041444320726570
:1072B800736F6C7574696F6E004572726F722073AC
:1072C800657474696E67207468652041444320734F
:1072D800657175656E6365720050726F7669646575
:1072E800642062756666657220697320746F6F200A
:1072F800736D616C6C202825752F25752900414414
:107308004320627566666572206572726F72004905
:107318006E76616C6964206F76657273616D706CEE
:10732800696E67004572726F722073657474696E56
:10733800672074686520414443206F7665727361E5
:107348006D706C65720043616C6962726174696F1B
:107358006E206572726F7200616463403538303236
:107368003630303000616463330061646340343028
:107378003032323030300061646331006164635F01
:1073880073746D333200726363403538303234348D
:1073980030300072636300556E737570706F72746D
:1073A8006564206368616E6E656C20256400556EA7
:1073B800737570706F72746564207265736F6C7525
:1073C80074696F6E20256400496E7465726E616C15
:1073D800206368616E6E656C73206E6F74207375C0
:1073E80070706F7274656400756E737570706F720B
:1073F800746564206368616E6E656C202564004363
:1074080068616E6E656C206E6F7420696E69746950
:10741800616C697A65640056616C75652025642025
:107428006F7574206F662072616E676500535049EE
:1074380020627573202573206E6F742072656164F5
:107448007900536F66742D7265736574206661697F
:107458006C656400556E61626C6520746F2072659E
:10746800616420446576696365204944004E6F7401
:10747800206D617463682063686970207265736F3A
:107488006C7574696F6E00537570706F72742063D9
:1074980068616E6E656C73206D69736D6174636885
:1074A80000756E737570706F7274656420636861BF
:1074B8006E6E656C207265666572656E63652074B4
:1074C8007970652027256427004741494E20526579
:1074D800676973746572207570646174652066618C
:1074E800696C656400556E61626C6520746F20720A
:1074F800656164204741494E205265676973746528
:107508007200556E61626C6520746F2077726974C1
:1075180065204741494E205265676973746572005A
:10752800556E61626C6520746F20726561642053CA
:107538005441545553205265676973746572004409
:107548006966666572656E636520626574776565F0
:107558006E20565245462F44495620616E64205687
:1075680044442069732062656C6F772074686520D5
:107578007265717569726564206D696E696D756D86
:1075880020616E616C6F67207468726573686F6CD8
:1075980064006461633830353038403000646163BA
:1075A80030006461635F646163783035303800723D
:1075B800657365742D636F6E74726F6C6C657200A1
:1075C8007263746C004661696C65642063616C6CFD
:1075D80020636C6F636B5F636F6E74726F6C5F6751
:1075E80065745F726174652870636C6B656E5B307F
:1075F8005D2900556E61626C6520746F2073657437
:1076080020257320746F20256400436F756C6420F7
:107618006E6F7420656E61626C6520284C50295528
:1076280041525420636C6F636B00726573657420FC
:10763800636F6E74726F6C6C6572206E6F742072FB
:107648006561647900257320646F6573206E6F74BB
:1076580020737570706F7274206472697665722019
:10766800656E61626C650073657269616C4035387E
:10767800303030633030006C707561727431006185
:10768800726475696E6F5F73657269616C007365AA
:107698007269616C40343030303438303000757382
:1076A8006172743300756172745F73746D33320084
:1076B80055706461746520657863656564732063DB
:1076C800757272656E742062756666657200436FC6
:1076D800756C64206E6F742073656C6563742053D9
:1076E800504920646F6D61696E20636C6F636B0035
:1076F800436F756C64206E6F7420656E61626C6593
:107708002053504920636C6F636B004353204750EC
:10771800494F20706F72742025732070696E202580
:1077280064206973206E6F74207265616479004EFD
:107738006F20646174612077696474682064656689
:10774800696E656420666F72207468697320696E5B
:107758007374616E6365004661696C65642063617A
:107768006C6C20636C6F636B5F636F6E74726F6CAD
:107778005F6765745F726174652870636C6B5B31F9
:107788005D29004661696C65642063616C6C2063E7
:107798006C6F636B5F636F6E74726F6C5F67657439
:1077A8005F726174652870636C6B5B305D2900558E
:1077B8006E737570706F727465642066726571752A
:1077C800656E6379202575487A2C206D61782025AF
:1077D80075487A2C206D696E202575487A004275A7
:1077E800666665722073697A652065786365656485
:1077F80073206D6178696D616C20737570706F723C
:107808007465642076616C75650025733A2065722D
:10781800723D256400737069403430303133303044
:107828003000737069310061726475696E6F5F73DF
:107838007069007370695F73746D33320048616CEE
:1078480074696E672073797374656D0A00556E6B81
:107858006E6F776E206572726F7200756E6B6E6FE9
:10786800776E003E3E3E205A4550485952204641C8
:1078780054414C204552524F522025643A202573DA
:10788800206F6E20435055202564004661756C7446
:1078980020647572696E6720696E7465727275709E
:1078A800742068616E646C696E670A004375727251
:1078B800656E74207468726561643A2025702028AA
:1078C8002573290043505520657863657074696F86
:1078D8006E00556E68616E646C656420696E7465CF
:1078E800727275707400537461636B206F76657281
:1078F800666C6F77004B65726E656C206F6F707386
:10790800004B65726E656C2070616E696300696416
:107918006C65006F73002B0064756D6D7900736C76
:10792800656570696E67006465616400737573707E
:10793800656E6465640061626F7274696E67007376
:10794800757370656E64696E6700717565756564D9
:10795800006E616E000504020307060001206D65D4
:107968007373616765732064726F70706564202D2E
:107978002D2D0D0A1B5B306D001B5B313B33316DC8
:107988002D2D2D20000000000001202D200020209A
:10799800001B5B366E000A0605050401030102019F
:1079A80001010001100E0C0A08100E0C0A08000054
:1079B80001017370695F73746D33325F6765745F5B
:1079C80065727200616E006E66696E697479000096
:1079D800000000000000000000000000000000009F
:1079E8000000000000000000C9C5000800000000F9
:1079F80020000024200000242917010800000000AE
:107A0800000000000000000000000000000000006E
:107A18004000002440000024000000000100000095
:107A28005000002450000024000000000100000065
:107A3800000000000000000000000000000000003E
:107A4800000000000000000000000000000000002E
:107A5800000000000000000000000000000000001E
:107A6800000000000000000000000000000000000E
:107A780000000000000000000000000000000000FE
:107A880000000000000000000000000000000000EE
:107A9800C9C5000800000000C8000024C800002470
:107AA8002917010800000000000000000000000085
:107AB8000000000000000000E8000024E8000024A6
:107AC8000000000001000000F8000024F800002475
:107AD800000000000100000000000000000000009D
:107AE800000000000000000000000000000000008E
:107AF800000000000000000000000000000000007E
:107B0800000000000000000000000000000000006D
:107B1800000000000000000000000000000000005D
:107B2800D7F6000801000000010000000000000076
:107B38000000000000000000225B010801000000B6
:107B480001000000C9FD00084440010800000000D1
:107B58000000000001000000200300248C01002424
:107B68008C01002400000000F4410108080B0024E7
:107B7800000000006F150108000000000000000070
:107B8800BC010024000000000000000000C2010049
:107B980000010300D00100240000000000000000E4
:107BA80000C2010000010300000000000000000006
:107BB8001448010801000000E8010024E80100243D
:107BC8000000000001000000F8010024F801002472
:107BD800000000000100000000000000000000009C
:107BE800000000000000000000000000000000008D
:107BF800000000000000000000000000000000007D
:107C08000000000000000000000000000090D00309
:107C1800C80000004402002444020024FFFFFFFFC4
:107C2800FF00FF00FF00FF00FF00FF00FF00FF0054
:107C3800FF00FF00FF00FF00FF00FF00FF00FF0044
:107C4800000000000000000000000000000000002C
:107C5800000000000000000000000000000000001C
:087C6800000000000000000014
:107C70000000000000000000000000000000000004
:107C800000000000000000000000000000000000F4
:107C900000000000000000000000000000000000E4
:087CA0000000000000000000DC
:047CA80000000000D8
:107CAC0000000000000000000000000000000000C8
:107CBC0000000000000000000000000000000000B8
:107CCC0000000000000000000000000000000000A8
:107CDC000000000000000000000000000000000098
:0C7CEC000000000000000000000000008C
:107CF80000000000002D0024000200000000000029
:047D08000000000077
:107D0C0034030024340300240000000001000000B0
:047D1C0015E015E079
:040000050800807DF2
:00000001FF
